iso_code,date,cumulative_doses_received_uti,monthly_doses_recieved_uti,date_accessed
AFG,2021-03-01,968000.0,968000.0,2022-07-29
AFG,2021-07-01,35056000.0,34088000.0,2022-07-29
AFG,2021-08-01,5248800.0,-29807200.0,2022-07-29
AFG,2021-09-01,5248800.0,0.0,2022-07-29
AFG,2021-10-01,5248800.0,0.0,2022-07-29
AFG,2021-11-01,5400000.0,151200.0,2022-07-29
AFG,2021-12-01,8404000.0,3004000.0,2022-07-29
AFG,2022-04-01,11468850.0,3064850.0,2022-07-29
AFG,2022-05-01,11468850.0,0.0,2022-07-29
AGO,2021-05-01,1509620.0,1509620.0,2022-07-29
AGO,2021-06-01,1610930.0,101310.0,2022-07-29
AGO,2021-07-01,1835695.0,224765.0,2022-07-29
AGO,2021-08-01,3597820.0,1762125.0,2022-07-29
AGO,2021-09-01,3597820.0,0.0,2022-07-29
AGO,2021-10-01,5947510.0,2349690.0,2022-07-29
AGO,2021-11-01,19978762.0,14031252.0,2022-07-29
AGO,2021-12-01,32782592.0,12803830.0,2022-07-29
AGO,2022-01-01,36822167.0,4039575.0,2022-07-29
AIA,2021-06-01,41000.0,41000.0,2022-07-29
AIA,2021-07-01,41000.0,0.0,2022-07-29
AIA,2021-08-01,41000.0,0.0,2022-07-29
AIA,2021-09-01,41000.0,0.0,2022-07-29
AIA,2021-10-01,41000.0,0.0,2022-07-29
AIA,2021-11-01,48020.0,7020.0,2022-07-29
AIA,2021-12-01,48020.0,0.0,2022-07-29
AIA,2022-01-01,48020.0,0.0,2022-07-29
AIA,2022-02-01,54260.0,6240.0,2022-07-29
AIA,2022-03-01,54260.0,0.0,2022-07-29
AIA,2022-04-01,54260.0,0.0,2022-07-29
AIA,2022-05-01,54260.0,0.0,2022-07-29
AND,2021-03-01,-6442450944.0,-6442450944.0,2022-07-29
AND,2021-04-01,-6442450944.0,0.0,2022-07-29
AND,2021-05-01,92100.0,6442543044.0,2022-07-29
AND,2021-06-01,148860.0,56760.0,2022-07-29
AND,2021-07-01,202860.0,54000.0,2022-07-29
AND,2021-08-01,202860.0,0.0,2022-07-29
AND,2021-09-01,202860.0,0.0,2022-07-29
AND,2021-10-01,207540.0,4680.0,2022-07-29
AND,2021-11-01,249660.0,42120.0,2022-07-29
AND,2021-12-01,269660.0,20000.0,2022-07-29
AND,2022-02-01,269660.0,0.0,2022-07-29
AND,2022-03-01,269660.0,0.0,2022-07-29
AND,2022-04-01,269660.0,0.0,2022-07-29
AND,2022-06-01,269660.0,0.0,2022-07-29
ARE,2021-09-01,-15032385536.0,-15032385536.0,2022-07-29
ARE,2022-03-01,-15032385536.0,0.0,2022-07-29
ARG,2021-03-01,-10737418240.0,-10737418240.0,2022-07-29
ARG,2021-04-01,-10737418240.0,0.0,2022-07-29
ARG,2021-05-01,-10737418240.0,0.0,2022-07-29
ARG,2021-06-01,-10737418240.0,0.0,2022-07-29
ARG,2021-07-01,76667780.0,10814086020.0,2022-07-29
ARG,2021-08-01,104446830.0,27779050.0,2022-07-29
ARG,2021-10-01,175385970.0,70939140.0,2022-07-29
ARG,2021-11-01,197980860.0,22594890.0,2022-07-29
ARG,2021-12-01,205024740.0,7043880.0,2022-07-29
ARG,2022-01-01,214450260.0,9425520.0,2022-07-29
ARG,2022-02-01,224563160.0,10112900.0,2022-07-29
ARG,2022-03-01,236302480.0,11739320.0,2022-07-29
ARG,2022-05-01,244745880.0,8443400.0,2022-07-29
ATG,2021-05-01,10000.0,10000.0,2022-07-29
ATG,2021-07-01,10000.0,0.0,2022-07-29
ATG,2021-08-01,140000.0,130000.0,2022-07-29
ATG,2021-09-01,140000.0,0.0,2022-07-29
ATG,2021-12-01,140000.0,0.0,2022-07-29
AUS,2021-04-01,-10737418240.0,-10737418240.0,2022-07-29
AUS,2021-05-01,-10737418240.0,0.0,2022-07-29
AUS,2021-06-01,-10737418240.0,0.0,2022-07-29
AUS,2021-07-01,-4233454856.0,6503963384.0,2022-07-29
AUS,2021-08-01,-10737418240.0,-6503963384.0,2022-07-29
AUS,2021-09-01,-10737418240.0,0.0,2022-07-29
AUS,2021-11-01,-10737418240.0,0.0,2022-07-29
AUS,2021-12-01,-10737418240.0,0.0,2022-07-29
AUS,2022-01-01,-10737418240.0,0.0,2022-07-29
AUS,2022-02-01,-10737418240.0,0.0,2022-07-29
AUS,2022-03-01,-10737418240.0,0.0,2022-07-29
AUS,2022-04-01,-10737418240.0,0.0,2022-07-29
AUS,2022-05-01,-10737418240.0,0.0,2022-07-29
AUT,2021-02-01,-12884901888.0,-12884901888.0,2022-07-29
AUT,2021-03-01,-12884901888.0,0.0,2022-07-29
AUT,2021-04-01,-12884901888.0,0.0,2022-07-29
AUT,2021-05-01,-12884901888.0,0.0,2022-07-29
AUT,2021-06-01,-2129345462.0,10755556426.0,2022-07-29
AUT,2021-07-01,-2129345462.0,0.0,2022-07-29
AUT,2021-08-01,-2125707242.0,3638220.0,2022-07-29
AUT,2021-09-01,31641706.0,2157348948.0,2022-07-29
AUT,2021-10-01,39278720.0,7637014.0,2022-07-29
AUT,2021-11-01,41283066.0,2004346.0,2022-07-29
AZE,2021-03-01,-4294967296.0,-4294967296.0,2022-07-29
AZE,2021-04-01,-4294967296.0,0.0,2022-07-29
AZE,2021-05-01,1632040.0,4296599336.0,2022-07-29
AZE,2021-06-01,9019724.0,7387684.0,2022-07-29
AZE,2021-07-01,12634662.0,3614938.0,2022-07-29
AZE,2021-08-01,12634662.0,0.0,2022-07-29
AZE,2021-09-01,12634662.0,0.0,2022-07-29
AZE,2021-10-01,12634662.0,0.0,2022-07-29
AZE,2021-11-01,12634662.0,0.0,2022-07-29
AZE,2021-12-01,12634662.0,0.0,2022-07-29
AZE,2022-01-01,34679214.0,22044552.0,2022-07-29
AZE,2022-02-01,35757180.0,1077966.0,2022-07-29
AZE,2022-03-01,35757180.0,0.0,2022-07-29
AZE,2022-04-01,35757180.0,0.0,2022-07-29
AZE,2022-05-01,35757180.0,0.0,2022-07-29
BDI,2021-10-01,500000.0,500000.0,2022-07-29
BDI,2021-11-01,651200.0,151200.0,2022-07-29
BDI,2021-12-01,651200.0,0.0,2022-07-29
BDI,2022-01-01,802400.0,151200.0,2022-07-29
BEL,2021-02-01,-8589934592.0,-8589934592.0,2022-07-29
BEL,2021-03-01,-10737418240.0,-2147483648.0,2022-07-29
BEL,2021-04-01,-12884901888.0,-2147483648.0,2022-07-29
BEL,2021-05-01,-2132283648.0,10752618240.0,2022-07-29
BEL,2021-06-01,-2123083648.0,9200000.0,2022-07-29
BEL,2021-07-01,-2118683648.0,4400000.0,2022-07-29
BEL,2021-08-01,-12884901888.0,-10766218240.0,2022-07-29
BEL,2021-09-01,-12884901888.0,0.0,2022-07-29
BEL,2021-10-01,-12884901888.0,0.0,2022-07-29
BEL,2021-11-01,-10737418240.0,2147483648.0,2022-07-29
BEL,2021-12-01,-10737418240.0,0.0,2022-07-29
BEL,2022-01-01,-10737418240.0,0.0,2022-07-29
BEL,2022-02-01,-12884901888.0,-2147483648.0,2022-07-29
BEL,2022-03-01,-12884901888.0,0.0,2022-07-29
BEL,2022-04-01,-12884901888.0,0.0,2022-07-29
BEL,2022-05-01,-12884901888.0,0.0,2022-07-29
BEN,2021-05-01,347000.0,347000.0,2022-07-29
BEN,2021-06-01,347000.0,0.0,2022-07-29
BEN,2021-07-01,649400.0,302400.0,2022-07-29
BEN,2021-08-01,649400.0,0.0,2022-07-29
BEN,2021-09-01,1034480.0,385080.0,2022-07-29
BEN,2021-10-01,1089680.0,55200.0,2022-07-29
BEN,2021-11-01,1089680.0,0.0,2022-07-29
BEN,2021-12-01,2404880.0,1315200.0,2022-07-29
BEN,2022-01-01,2404880.0,0.0,2022-07-29
BFA,2021-05-01,115000.0,115000.0,2022-07-29
BFA,2021-06-01,115200.0,200.0,2022-07-29
BFA,2021-07-01,417600.0,302400.0,2022-07-29
BFA,2021-08-01,475460.0,57860.0,2022-07-29
BFA,2021-09-01,875460.0,400000.0,2022-07-29
BFA,2021-10-01,1750660.0,875200.0,2022-07-29
BFA,2021-11-01,1919060.0,168400.0,2022-07-29
BFA,2021-12-01,4470650.0,2551590.0,2022-07-29
BFA,2022-01-01,4470650.0,0.0,2022-07-29
BFA,2022-03-01,4098560.0,-372090.0,2022-07-29
BGD,2022-02-01,296495020.0,296495020.0,2022-07-29
BGD,2022-03-01,296495020.0,0.0,2022-07-29
BGD,2022-04-01,275907570.0,-20587450.0,2022-07-29
BGD,2022-05-01,275907570.0,0.0,2022-07-29
BGD,2022-06-01,275907570.0,0.0,2022-07-29
BHS,2022-04-01,460896.0,460896.0,2022-07-29
BHS,2022-05-01,460896.0,0.0,2022-07-29
BLR,2021-03-01,-6442450944.0,-6442450944.0,2022-07-29
BLR,2021-04-01,-6442450944.0,0.0,2022-07-29
BLR,2021-05-01,2551280.0,6445002224.0,2022-07-29
BLR,2021-06-01,4191780.0,1640500.0,2022-07-29
BLR,2021-07-01,5507650.0,1315870.0,2022-07-29
BLR,2021-08-01,7401500.0,1893850.0,2022-07-29
BLR,2021-09-01,10305890.0,2904390.0,2022-07-29
BLR,2021-10-01,11616178.0,1310288.0,2022-07-29
BLR,2021-11-01,16273912.0,4657734.0,2022-07-29
BLR,2021-12-01,20206878.0,3932966.0,2022-07-29
BLR,2022-01-01,23902807.0,3695929.0,2022-07-29
BLR,2022-02-01,23911358.0,8551.0,2022-07-29
BLR,2022-03-01,25323986.0,1412628.0,2022-07-29
BLR,2022-04-01,25651688.0,327702.0,2022-07-29
BLZ,2021-03-01,-4294967296.0,-4294967296.0,2022-07-29
BLZ,2021-04-01,-4294967296.0,0.0,2022-07-29
BLZ,2021-05-01,205400.0,4295172696.0,2022-07-29
BLZ,2021-06-01,205400.0,0.0,2022-07-29
BLZ,2021-07-01,405400.0,200000.0,2022-07-29
BLZ,2021-08-01,654100.0,248700.0,2022-07-29
BLZ,2021-09-01,654100.0,0.0,2022-07-29
BLZ,2021-10-01,654100.0,0.0,2022-07-29
BLZ,2021-11-01,1334502.0,680402.0,2022-07-29
BLZ,2021-12-01,1334500.0,-2.0,2022-07-29
BLZ,2022-01-01,934500.0,-400000.0,2022-07-29
BLZ,2022-02-01,934500.0,0.0,2022-07-29
BLZ,2022-04-01,934500.0,0.0,2022-07-29
BLZ,2022-05-01,1184100.0,249600.0,2022-07-29
BLZ,2022-06-01,1184100.0,0.0,2022-07-29
BMU,2021-06-01,173840.0,173840.0,2022-07-29
BMU,2021-07-01,173840.0,0.0,2022-07-29
BMU,2022-02-01,173840.0,0.0,2022-07-29
BOL,2021-07-01,7551050.0,7551050.0,2022-07-29
BOL,2021-08-01,8980110.0,1429060.0,2022-07-29
BOL,2021-09-01,13699380.0,4719270.0,2022-07-29
BOL,2021-10-01,13699380.0,0.0,2022-07-29
BOL,2021-11-01,15312320.0,1612940.0,2022-07-29
BOL,2022-02-01,16979500.0,1667180.0,2022-07-29
BOL,2022-03-01,16979500.0,0.0,2022-07-29
BOL,2022-04-01,24419220.0,7439720.0,2022-07-29
BOL,2022-05-01,24419220.0,0.0,2022-07-29
BRA,2021-05-01,-2137336448.0,-2137336448.0,2022-07-29
BRA,2022-01-01,10147200.0,2147483648.0,2022-07-29
BRA,2022-03-01,10147200.0,0.0,2022-07-29
BRA,2022-04-01,10147200.0,0.0,2022-07-29
BRB,2021-03-01,-6442450944.0,-6442450944.0,2022-07-29
BRB,2021-04-01,-6442450944.0,0.0,2022-07-29
BRB,2021-05-01,314400.0,6442765344.0,2022-07-29
BRB,2021-06-01,374400.0,60000.0,2022-07-29
BRB,2021-07-01,374400.0,0.0,2022-07-29
BRB,2021-08-01,514800.0,140400.0,2022-07-29
BRB,2021-09-01,574800.0,60000.0,2022-07-29
BRB,2021-10-01,716000.0,141200.0,2022-07-29
BRB,2021-11-01,856000.0,140000.0,2022-07-29
BRB,2021-12-01,1004080.0,148080.0,2022-07-29
BRB,2022-01-01,1004080.0,0.0,2022-07-29
BRB,2022-02-01,1271280.0,267200.0,2022-07-29
BRB,2022-03-01,1271280.0,0.0,2022-07-29
BRB,2022-04-01,1271280.0,0.0,2022-07-29
BRB,2022-05-01,1271280.0,0.0,2022-07-29
BRB,2022-06-01,1271280.0,0.0,2022-07-29
BRN,2021-04-01,-4294967296.0,-4294967296.0,2022-07-29
BRN,2021-05-01,228800.0,4295196096.0,2022-07-29
BRN,2021-06-01,329600.0,100800.0,2022-07-29
BRN,2021-07-01,521600.0,192000.0,2022-07-29
BRN,2021-08-01,997600.0,476000.0,2022-07-29
BRN,2021-09-01,1799200.0,801600.0,2022-07-29
BRN,2021-10-01,1799200.0,0.0,2022-07-29
BRN,2021-11-01,2400580.0,601380.0,2022-07-29
BRN,2021-12-01,2400580.0,0.0,2022-07-29
BRN,2022-01-01,2601980.0,201400.0,2022-07-29
BRN,2022-02-01,2601980.0,0.0,2022-07-29
BRN,2022-03-01,2601980.0,0.0,2022-07-29
BRN,2022-05-01,3147320.0,545340.0,2022-07-29
BTN,2022-02-01,1689750.0,1689750.0,2022-07-29
BTN,2022-03-01,1689750.0,0.0,2022-07-29
BWA,2021-05-01,262400.0,262400.0,2022-07-29
BWA,2021-06-01,262400.0,0.0,2022-07-29
BWA,2021-07-01,512290.0,249890.0,2022-07-29
BWA,2021-08-01,658690.0,146400.0,2022-07-29
BWA,2021-09-01,658690.0,0.0,2022-07-29
BWA,2021-10-01,658690.0,0.0,2022-07-29
BWA,2021-11-01,1631884.0,973194.0,2022-07-29
BWA,2021-12-01,1631884.0,0.0,2022-07-29
BWA,2022-01-01,1631884.0,0.0,2022-07-29
CAF,2021-05-01,115000.0,115000.0,2022-07-29
CAF,2021-06-01,115000.0,0.0,2022-07-29
CAF,2021-07-01,567400.0,452400.0,2022-07-29
CAF,2021-08-01,567400.0,0.0,2022-07-29
CAF,2021-09-01,567400.0,0.0,2022-07-29
CAF,2021-10-01,951560.0,384160.0,2022-07-29
CAF,2021-11-01,1119860.0,168300.0,2022-07-29
CAF,2021-12-01,1422260.0,302400.0,2022-07-29
CAF,2022-01-01,1422260.0,0.0,2022-07-29
CAN,2021-03-01,-19327352832.0,-19327352832.0,2022-07-29
CAN,2021-06-01,-19327352832.0,0.0,2022-07-29
CAN,2021-07-01,-19327352832.0,0.0,2022-07-29
CAN,2021-08-01,-19327352832.0,0.0,2022-07-29
CAN,2022-02-01,-19327352832.0,0.0,2022-07-29
CAN,2022-04-01,-19327352832.0,0.0,2022-07-29
CHE,2021-03-01,-12884901888.0,-12884901888.0,2022-07-29
CHE,2021-04-01,-12884901888.0,0.0,2022-07-29
CHE,2021-05-01,-6424709994.0,6460191894.0,2022-07-29
CHE,2021-06-01,-6424709994.0,0.0,2022-07-29
CHE,2021-07-01,-6424709994.0,0.0,2022-07-29
CHE,2021-08-01,23374800.0,6448084794.0,2022-07-29
CHE,2021-09-01,23674800.0,300000.0,2022-07-29
CHE,2021-10-01,23674800.0,0.0,2022-07-29
CHE,2021-11-01,27738000.0,4063200.0,2022-07-29
CHE,2021-12-01,29865150.0,2127150.0,2022-07-29
CHE,2022-01-01,38670690.0,8805540.0,2022-07-29
CHL,2021-03-01,-10737418240.0,-10737418240.0,2022-07-29
CHL,2021-05-01,40958400.0,10778376640.0,2022-07-29
CHL,2021-12-01,58035128.0,17076728.0,2022-07-29
CHL,2022-01-01,58035128.0,0.0,2022-07-29
CHL,2022-02-01,58035128.0,0.0,2022-07-29
CHL,2022-03-01,58035128.0,0.0,2022-07-29
CHL,2022-05-01,58035128.0,0.0,2022-07-29
CIV,2021-03-01,554000.0,554000.0,2022-07-29
CIV,2021-04-01,554000.0,0.0,2022-07-29
CIV,2021-05-01,779000.0,225000.0,2022-07-29
CIV,2021-06-01,827130.0,48130.0,2022-07-29
CIV,2021-07-01,1296570.0,469440.0,2022-07-29
CIV,2021-08-01,2951130.0,1654560.0,2022-07-29
CIV,2021-09-01,4560850.0,1609720.0,2022-07-29
CIV,2021-10-01,7103941.0,2543091.0,2022-07-29
CIV,2021-11-01,10428597.0,3324656.0,2022-07-29
CIV,2021-12-01,15028630.0,4600033.0,2022-07-29
CIV,2022-01-01,20677120.0,5648490.0,2022-07-29
CMR,2021-05-01,591200.0,591200.0,2022-07-29
CMR,2021-06-01,591200.0,0.0,2022-07-29
CMR,2021-07-01,894250.0,303050.0,2022-07-29
CMR,2021-08-01,1052650.0,158400.0,2022-07-29
CMR,2021-09-01,1052650.0,0.0,2022-07-29
CMR,2021-10-01,1052650.0,0.0,2022-07-29
CMR,2021-11-01,2343950.0,1291300.0,2022-07-29
CMR,2021-12-01,3344550.0,1000600.0,2022-07-29
CMR,2022-01-01,3344550.0,0.0,2022-07-29
COD,2021-05-01,451000.0,451000.0,2022-07-29
COD,2021-06-01,451000.0,0.0,2022-07-29
COD,2021-07-01,451000.0,0.0,2022-07-29
COD,2021-08-01,502840.0,51840.0,2022-07-29
COD,2021-09-01,1428160.0,925320.0,2022-07-29
COD,2021-10-01,2184160.0,756000.0,2022-07-29
COD,2021-11-01,2184160.0,0.0,2022-07-29
COD,2021-12-01,2184160.0,0.0,2022-07-29
COD,2022-01-01,2184160.0,0.0,2022-07-29
COG,2021-05-01,156220.0,156220.0,2022-07-29
COG,2021-06-01,508200.0,351980.0,2022-07-29
COG,2021-07-01,508200.0,0.0,2022-07-29
COG,2021-08-01,817620.0,309420.0,2022-07-29
COG,2021-09-01,1098420.0,280800.0,2022-07-29
COG,2021-10-01,1098420.0,0.0,2022-07-29
COG,2021-11-01,1098420.0,0.0,2022-07-29
COG,2021-12-01,1098420.0,0.0,2022-07-29
COG,2022-01-01,1098420.0,0.0,2022-07-29
COL,2021-07-01,72227128.0,72227128.0,2022-07-29
COL,2021-08-01,99938468.0,27711340.0,2022-07-29
COL,2021-09-01,111136668.0,11198200.0,2022-07-29
COL,2021-10-01,136554248.0,25417580.0,2022-07-29
COL,2022-01-01,175906428.0,39352180.0,2022-07-29
COL,2022-02-01,149591948.0,-26314480.0,2022-07-29
COL,2022-05-01,149591948.0,0.0,2022-07-29
COM,2021-04-01,112000.0,112000.0,2022-07-29
COM,2021-05-01,118000.0,6000.0,2022-07-29
COM,2021-06-01,118000.0,0.0,2022-07-29
COM,2021-07-01,418000.0,300000.0,2022-07-29
COM,2021-08-01,418000.0,0.0,2022-07-29
COM,2021-09-01,418000.0,0.0,2022-07-29
COM,2021-10-01,418000.0,0.0,2022-07-29
COM,2021-11-01,418000.0,0.0,2022-07-29
COM,2021-12-01,418000.0,0.0,2022-07-29
COM,2022-01-01,418000.0,0.0,2022-07-29
CPV,2021-05-01,29850.0,29850.0,2022-07-29
CPV,2021-06-01,235050.0,205200.0,2022-07-29
CPV,2021-07-01,409050.0,174000.0,2022-07-29
CPV,2021-08-01,409050.0,0.0,2022-07-29
CPV,2021-09-01,615050.0,206000.0,2022-07-29
CPV,2021-10-01,715150.0,100100.0,2022-07-29
CPV,2021-11-01,715150.0,0.0,2022-07-29
CPV,2021-12-01,945220.0,230070.0,2022-07-29
CPV,2022-01-01,945220.0,0.0,2022-07-29
CRI,2021-04-01,-4294967296.0,-4294967296.0,2022-07-29
CRI,2021-05-01,5428110.0,4300395406.0,2022-07-29
CRI,2021-06-01,5774010.0,345900.0,2022-07-29
CRI,2021-07-01,5774010.0,0.0,2022-07-29
CRI,2021-08-01,5774010.0,0.0,2022-07-29
CRI,2021-10-01,5774010.0,0.0,2022-07-29
CRI,2021-12-01,5774010.0,0.0,2022-07-29
CRI,2022-01-01,5687610.0,-86400.0,2022-07-29
CRI,2022-02-01,5687610.0,0.0,2022-07-29
CRI,2022-03-01,25501290.0,19813680.0,2022-07-29
CRI,2022-05-01,25501290.0,0.0,2022-07-29
CZE,2021-05-01,-10737418240.0,-10737418240.0,2022-07-29
CZE,2021-06-01,-10737418240.0,0.0,2022-07-29
CZE,2021-07-01,-10737418240.0,0.0,2022-07-29
CZE,2021-08-01,-10737418240.0,0.0,2022-07-29
CZE,2021-09-01,-10737418240.0,0.0,2022-07-29
CZE,2021-10-01,-10737418240.0,0.0,2022-07-29
CZE,2021-11-01,-10737418240.0,0.0,2022-07-29
CZE,2021-12-01,-10737418240.0,0.0,2022-07-29
DJI,2021-05-01,324000.0,324000.0,2022-07-29
DJI,2021-06-01,324000.0,0.0,2022-07-29
DJI,2021-07-01,324000.0,0.0,2022-07-29
DJI,2021-08-01,324000.0,0.0,2022-07-29
DJI,2021-09-01,475200.0,151200.0,2022-07-29
DJI,2021-10-01,475200.0,0.0,2022-07-29
DJI,2021-11-01,475200.0,0.0,2022-07-29
DJI,2021-12-01,475200.0,0.0,2022-07-29
DJI,2022-01-01,475200.0,0.0,2022-07-29
DMA,2021-03-01,98000.0,98000.0,2022-07-29
DMA,2021-05-01,118000.0,20000.0,2022-07-29
DMA,2021-07-01,20000.0,-98000.0,2022-07-29
DMA,2021-09-01,31700.0,11700.0,2022-07-29
DMA,2021-12-01,130040.0,98340.0,2022-07-29
DMA,2022-04-01,234240.0,104200.0,2022-07-29
DMA,2022-05-01,234240.0,0.0,2022-07-29
DNK,2021-02-01,-8589934592.0,-8589934592.0,2022-07-29
DNK,2021-04-01,-8589934592.0,0.0,2022-07-29
DNK,2021-05-01,10001380.0,8599935972.0,2022-07-29
DNK,2021-06-01,16827160.0,6825780.0,2022-07-29
DNK,2021-07-01,24966432.0,8139272.0,2022-07-29
DNK,2021-08-01,27696792.0,2730360.0,2022-07-29
DNK,2021-09-01,32451432.0,4754640.0,2022-07-29
DNK,2021-10-01,32934432.0,483000.0,2022-07-29
DNK,2021-11-01,36151440.0,3217008.0,2022-07-29
DNK,2021-12-01,36319440.0,168000.0,2022-07-29
DNK,2022-01-01,41516120.0,5196680.0,2022-07-29
DNK,2022-02-01,42733580.0,1217460.0,2022-07-29
DNK,2022-03-01,48650040.0,5916460.0,2022-07-29
DNK,2022-04-01,48884300.0,234260.0,2022-07-29
DNK,2022-05-01,48884300.0,0.0,2022-07-29
DZA,2021-05-01,2273200.0,2273200.0,2022-07-29
DZA,2021-06-01,3723200.0,1450000.0,2022-07-29
DZA,2021-07-01,3723200.0,0.0,2022-07-29
DZA,2021-08-01,14966000.0,11242800.0,2022-07-29
DZA,2021-09-01,24556400.0,9590400.0,2022-07-29
DZA,2021-10-01,27533200.0,2976800.0,2022-07-29
DZA,2021-11-01,27533200.0,0.0,2022-07-29
DZA,2021-12-01,31162000.0,3628800.0,2022-07-29
DZA,2022-01-01,33062800.0,1900800.0,2022-07-29
ECU,2021-06-01,10470178.0,10470178.0,2022-07-29
ECU,2021-07-01,10470178.0,0.0,2022-07-29
ECU,2021-08-01,11470178.0,1000000.0,2022-07-29
ECU,2021-09-01,34623598.0,23153420.0,2022-07-29
ECU,2021-10-01,42683670.0,8060072.0,2022-07-29
ECU,2021-12-01,54219230.0,11535560.0,2022-07-29
ECU,2022-01-01,66928710.0,12709480.0,2022-07-29
ECU,2022-02-01,73936510.0,7007800.0,2022-07-29
ECU,2022-04-01,81980870.0,8044360.0,2022-07-29
ECU,2022-05-01,82402370.0,421500.0,2022-07-29
EGY,2021-05-01,1554000.0,1554000.0,2022-07-29
EGY,2021-06-01,5823200.0,4269200.0,2022-07-29
EGY,2021-07-01,5823200.0,0.0,2022-07-29
EGY,2021-08-01,9651280.0,3828080.0,2022-07-29
EGY,2021-09-01,11233440.0,1582160.0,2022-07-29
EGY,2021-10-01,36736840.0,25503400.0,2022-07-29
EGY,2021-11-01,39609640.0,2872800.0,2022-07-29
EGY,2021-12-01,56683380.0,17073740.0,2022-07-29
EGY,2022-01-01,56683380.0,0.0,2022-07-29
ESP,2021-02-01,-8589934592.0,-8589934592.0,2022-07-29
ESP,2021-03-01,-10737418240.0,-2147483648.0,2022-07-29
ESP,2021-04-01,-10737418240.0,0.0,2022-07-29
ESP,2021-05-01,75266430.0,10812684670.0,2022-07-29
ESP,2021-06-01,75266430.0,0.0,2022-07-29
ESP,2021-07-01,148941178.0,73674748.0,2022-07-29
ESP,2021-08-01,153892878.0,4951700.0,2022-07-29
ESP,2021-09-01,181075678.0,27182800.0,2022-07-29
ESP,2021-10-01,188701550.0,7625872.0,2022-07-29
ESP,2021-11-01,188701550.0,0.0,2022-07-29
ESP,2021-12-01,188701550.0,0.0,2022-07-29
ESP,2022-01-01,188701550.0,0.0,2022-07-29
ESP,2022-02-01,190301550.0,1600000.0,2022-07-29
ESP,2022-03-01,190301550.0,0.0,2022-07-29
ESP,2022-04-01,190301550.0,0.0,2022-07-29
ESP,2022-05-01,190301550.0,0.0,2022-07-29
ESP,2022-06-01,349380400.0,159078850.0,2022-07-29
EST,2021-08-01,-10737418240.0,-10737418240.0,2022-07-29
EST,2021-09-01,-10737418240.0,0.0,2022-07-29
EST,2021-10-01,-10737418240.0,0.0,2022-07-29
EST,2021-12-01,-10737418240.0,0.0,2022-07-29
EST,2022-01-01,-10737418240.0,0.0,2022-07-29
EST,2022-02-01,-8589826592.0,2147591648.0,2022-07-29
EST,2022-03-01,-8589826592.0,0.0,2022-07-29
EST,2022-05-01,-8589826592.0,0.0,2022-07-29
EST,2022-06-01,-8589826592.0,0.0,2022-07-29
ETH,2021-03-01,2200000.0,2200000.0,2022-07-29
ETH,2021-05-01,2500000.0,300000.0,2022-07-29
ETH,2021-06-01,2500000.0,0.0,2022-07-29
ETH,2021-07-01,2891200.0,391200.0,2022-07-29
ETH,2021-08-01,4555052.0,1663852.0,2022-07-29
ETH,2021-09-01,6045750.0,1490698.0,2022-07-29
ETH,2021-10-01,15518030.0,9472280.0,2022-07-29
ETH,2021-11-01,15518030.0,0.0,2022-07-29
ETH,2021-12-01,27390570.0,11872540.0,2022-07-29
ETH,2022-01-01,27390570.0,0.0,2022-07-29
ETH,2022-02-01,46251810.0,18861240.0,2022-07-29
FIN,2021-02-01,-8589934592.0,-8589934592.0,2022-07-29
FIN,2021-04-01,-10737418240.0,-2147483648.0,2022-07-29
FIN,2021-07-01,-10737418240.0,0.0,2022-07-29
FIN,2021-08-01,-10737418240.0,0.0,2022-07-29
FIN,2021-09-01,-10737418240.0,0.0,2022-07-29
FIN,2021-10-01,-10737418240.0,0.0,2022-07-29
FRA,2021-03-01,-8589934592.0,-8589934592.0,2022-07-29
FRA,2021-04-01,-10737418240.0,-2147483648.0,2022-07-29
FRA,2021-05-01,-10737418240.0,0.0,2022-07-29
FRA,2021-06-01,-10737418240.0,0.0,2022-07-29
FRA,2021-07-01,-10737418240.0,0.0,2022-07-29
FRA,2021-08-01,-10737418240.0,0.0,2022-07-29
FRA,2021-09-01,-10737418240.0,0.0,2022-07-29
FRA,2021-10-01,-10737418240.0,0.0,2022-07-29
FRA,2021-12-01,-10737418240.0,0.0,2022-07-29
FRA,2022-01-01,-10737418240.0,0.0,2022-07-29
FRA,2022-03-01,-10737418240.0,0.0,2022-07-29
GAB,2021-05-01,400000.0,400000.0,2022-07-29
GAB,2021-06-01,400000.0,0.0,2022-07-29
GAB,2021-07-01,400000.0,0.0,2022-07-29
GAB,2021-08-01,400000.0,0.0,2022-07-29
GAB,2021-09-01,500620.0,100620.0,2022-07-29
GAB,2021-10-01,668620.0,168000.0,2022-07-29
GAB,2021-11-01,818620.0,150000.0,2022-07-29
GAB,2021-12-01,818620.0,0.0,2022-07-29
GAB,2022-01-01,818620.0,0.0,2022-07-29
GEO,2021-05-01,633640.0,633640.0,2022-07-29
GEO,2021-06-01,633640.0,0.0,2022-07-29
GEO,2021-07-01,5203820.0,4570180.0,2022-07-29
GEO,2021-08-01,5919860.0,716040.0,2022-07-29
GEO,2021-09-01,6966940.0,1047080.0,2022-07-29
GEO,2021-10-01,9133080.0,2166140.0,2022-07-29
GEO,2021-11-01,10069080.0,936000.0,2022-07-29
GEO,2021-12-01,10069080.0,0.0,2022-07-29
GEO,2022-01-01,8049660.0,-2019420.0,2022-07-29
GEO,2022-02-01,8049660.0,0.0,2022-07-29
GEO,2022-03-01,8049660.0,0.0,2022-07-29
GEO,2022-04-01,8548080.0,498420.0,2022-07-29
GEO,2022-05-01,8548080.0,0.0,2022-07-29
GEO,2022-06-01,8548080.0,0.0,2022-07-29
GHA,2021-05-01,1332850.0,1332850.0,2022-07-29
GHA,2021-06-01,1337850.0,5000.0,2022-07-29
GHA,2021-07-01,1337850.0,0.0,2022-07-29
GHA,2021-08-01,1765050.0,427200.0,2022-07-29
GHA,2021-09-01,3728800.0,1963750.0,2022-07-29
GHA,2021-10-01,8095330.0,4366530.0,2022-07-29
GHA,2021-11-01,12329310.0,4233980.0,2022-07-29
GHA,2021-12-01,12329310.0,0.0,2022-07-29
GHA,2022-01-01,25458290.0,13128980.0,2022-07-29
GIN,2021-03-01,703400.0,703400.0,2022-07-29
GIN,2021-05-01,934400.0,231000.0,2022-07-29
GIN,2021-06-01,1003400.0,69000.0,2022-07-29
GIN,2021-07-01,1153400.0,150000.0,2022-07-29
GIN,2021-08-01,2469940.0,1316540.0,2022-07-29
GIN,2021-09-01,69000.0,-2400940.0,2022-07-29
GIN,2021-10-01,5682660.0,5613660.0,2022-07-29
GIN,2021-11-01,6535860.0,853200.0,2022-07-29
GIN,2021-12-01,6835380.0,299520.0,2022-07-29
GIN,2022-01-01,6835380.0,0.0,2022-07-29
GMB,2021-05-01,51000.0,51000.0,2022-07-29
GMB,2021-06-01,51000.0,0.0,2022-07-29
GMB,2021-07-01,202200.0,151200.0,2022-07-29
GMB,2021-08-01,440200.0,238000.0,2022-07-29
GMB,2021-09-01,544000.0,103800.0,2022-07-29
GMB,2021-10-01,454600.0,-89400.0,2022-07-29
GMB,2021-11-01,454600.0,0.0,2022-07-29
GMB,2021-12-01,656100.0,201500.0,2022-07-29
GMB,2022-01-01,656100.0,0.0,2022-07-29
GNB,2021-05-01,28800.0,28800.0,2022-07-29
GNB,2021-06-01,50800.0,22000.0,2022-07-29
GNB,2021-07-01,74800.0,24000.0,2022-07-29
GNB,2021-08-01,74800.0,0.0,2022-07-29
GNB,2021-09-01,582070.0,507270.0,2022-07-29
GNB,2021-10-01,782070.0,200000.0,2022-07-29
GNB,2021-11-01,782070.0,0.0,2022-07-29
GNB,2021-12-01,812497.0,30427.0,2022-07-29
GNB,2022-01-01,979697.0,167200.0,2022-07-29
GNQ,2021-05-01,300000.0,300000.0,2022-07-29
GNQ,2021-06-01,820000.0,520000.0,2022-07-29
GNQ,2021-07-01,820000.0,0.0,2022-07-29
GNQ,2021-08-01,820000.0,0.0,2022-07-29
GNQ,2021-09-01,820000.0,0.0,2022-07-29
GNQ,2021-10-01,820000.0,0.0,2022-07-29
GNQ,2021-11-01,820000.0,0.0,2022-07-29
GNQ,2021-12-01,820000.0,0.0,2022-07-29
GNQ,2022-01-01,820000.0,0.0,2022-07-29
GRD,2021-06-01,45600.0,45600.0,2022-07-29
GRD,2021-07-01,45600.0,0.0,2022-07-29
GRD,2021-09-01,59600.0,14000.0,2022-07-29
GRD,2021-11-01,94350.0,34750.0,2022-07-29
GRD,2022-01-01,94350.0,0.0,2022-07-29
GRD,2022-02-01,94350.0,0.0,2022-07-29
GTM,2021-04-01,-6442450944.0,-6442450944.0,2022-07-29
GTM,2021-05-01,1316400.0,6443767344.0,2022-07-29
GTM,2021-06-01,-2145024048.0,-2146340448.0,2022-07-29
GTM,2021-07-01,-2143404048.0,1620000.0,2022-07-29
GTM,2021-08-01,6510540.0,2149914588.0,2022-07-29
GTM,2021-09-01,6510540.0,0.0,2022-07-29
GTM,2021-10-01,24899160.0,18388620.0,2022-07-29
GTM,2021-11-01,28899160.0,4000000.0,2022-07-29
GTM,2021-12-01,45208760.0,16309600.0,2022-07-29
GTM,2022-01-01,46570640.0,1361880.0,2022-07-29
GTM,2022-02-01,50544240.0,3973600.0,2022-07-29
GTM,2022-03-01,50544240.0,0.0,2022-07-29
GTM,2022-04-01,50544240.0,0.0,2022-07-29
GTM,2022-05-01,51091800.0,547560.0,2022-07-29
GUY,2022-04-01,523710.0,523710.0,2022-07-29
GUY,2022-05-01,523710.0,0.0,2022-07-29
HKG,2021-03-01,-6442450944.0,-6442450944.0,2022-07-29
HKG,2021-04-01,-6442450944.0,0.0,2022-07-29
HKG,2021-05-01,8160000.0,6450610944.0,2022-07-29
HKG,2021-06-01,9020000.0,860000.0,2022-07-29
HKG,2021-07-01,15280000.0,6260000.0,2022-07-29
HKG,2021-08-01,20900000.0,5620000.0,2022-07-29
HKG,2021-09-01,20900000.0,0.0,2022-07-29
HKG,2021-10-01,24000000.0,3100000.0,2022-07-29
HKG,2021-11-01,26000000.0,2000000.0,2022-07-29
HKG,2021-12-01,26800000.0,800000.0,2022-07-29
HKG,2022-01-01,27600000.0,800000.0,2022-07-29
HKG,2022-02-01,31100000.0,3500000.0,2022-07-29
HKG,2022-03-01,37080000.0,5980000.0,2022-07-29
HKG,2022-04-01,37680000.0,600000.0,2022-07-29
HKG,2022-05-01,38980000.0,1300000.0,2022-07-29
HND,2021-03-01,53000.0,53000.0,2022-07-29
HND,2022-02-01,6118710.0,6065710.0,2022-07-29
HND,2022-03-01,6911250.0,792540.0,2022-07-29
HND,2022-05-01,19432460.0,12521210.0,2022-07-29
HTI,2021-11-01,600100.0,600100.0,2022-07-29
HUN,2021-04-01,-15032385536.0,-15032385536.0,2022-07-29
HUN,2021-05-01,-15032385536.0,0.0,2022-07-29
HUN,2021-06-01,-15032385536.0,0.0,2022-07-29
HUN,2021-07-01,-15032385536.0,0.0,2022-07-29
HUN,2021-08-01,-15032385536.0,0.0,2022-07-29
HUN,2021-09-01,-15032385536.0,0.0,2022-07-29
HUN,2021-10-01,-15032385536.0,0.0,2022-07-29
HUN,2021-11-01,-15032385536.0,0.0,2022-07-29
HUN,2021-12-01,-15032385536.0,0.0,2022-07-29
IDN,2021-09-01,258616690.0,258616690.0,2022-07-29
IDN,2021-11-01,272569220.0,13952530.0,2022-07-29
IDN,2021-12-01,312506535.0,39937315.0,2022-07-29
IDN,2022-01-01,388241561.0,75735026.0,2022-07-29
IDN,2022-02-01,479971830.0,91730269.0,2022-07-29
IDN,2022-03-01,472472710.0,-7499120.0,2022-07-29
IDN,2022-04-01,475972180.0,3499470.0,2022-07-29
IDN,2022-05-01,477272500.0,1300320.0,2022-07-29
IND,2021-09-01,1141000000.0,1141000000.0,2022-07-29
IRL,2021-05-01,6535320.0,6535320.0,2022-07-29
IRL,2021-06-01,-10737418240.0,-10743953560.0,2022-07-29
IRL,2021-07-01,-10737418240.0,0.0,2022-07-29
IRL,2021-08-01,-10737418240.0,0.0,2022-07-29
IRL,2021-09-01,-10737418240.0,0.0,2022-07-29
IRL,2021-10-01,-10737418240.0,0.0,2022-07-29
IRL,2021-11-01,-10737418240.0,0.0,2022-07-29
IRL,2021-12-01,-10737418240.0,0.0,2022-07-29
IRL,2022-01-01,-10737418240.0,0.0,2022-07-29
IRL,2022-04-01,-10737418240.0,0.0,2022-07-29
IRL,2022-05-01,-12884901888.0,-2147483648.0,2022-07-29
IRN,2021-05-01,10995600.0,10995600.0,2022-07-29
IRN,2021-06-01,13595600.0,2600000.0,2022-07-29
IRN,2021-07-01,40061614.0,26466014.0,2022-07-29
IRN,2021-08-01,68562314.0,28500700.0,2022-07-29
IRN,2021-09-01,171424510.0,102862196.0,2022-07-29
IRN,2021-10-01,187424510.0,16000000.0,2022-07-29
IRN,2021-11-01,187424510.0,0.0,2022-07-29
IRN,2021-12-01,187424510.0,0.0,2022-07-29
IRN,2022-01-01,187424510.0,0.0,2022-07-29
IRN,2022-03-01,373516940.0,186092430.0,2022-07-29
IRN,2022-04-01,373516940.0,0.0,2022-07-29
IRN,2022-05-01,377941940.0,4425000.0,2022-07-29
IRN,2022-06-01,368386340.0,-9555600.0,2022-07-29
ISR,2021-03-01,-6442450944.0,-6442450944.0,2022-07-29
ISR,2021-04-01,-6442450944.0,0.0,2022-07-29
ISR,2021-05-01,-6442450944.0,0.0,2022-07-29
ISR,2021-06-01,-6442450944.0,0.0,2022-07-29
ISR,2021-07-01,-6442450944.0,0.0,2022-07-29
ISR,2021-09-01,-8589934592.0,-2147483648.0,2022-07-29
ISR,2021-11-01,-8589934592.0,0.0,2022-07-29
ISR,2022-01-01,-8589934592.0,0.0,2022-07-29
ISR,2022-02-01,-8589934592.0,0.0,2022-07-29
ISR,2022-03-01,-8589934592.0,0.0,2022-07-29
ITA,2021-02-01,-8589934592.0,-8589934592.0,2022-07-29
ITA,2021-04-01,-8589934592.0,0.0,2022-07-29
ITA,2021-05-01,92139108.0,8682073700.0,2022-07-29
ITA,2021-06-01,132844638.0,40705530.0,2022-07-29
ITA,2021-07-01,132844638.0,0.0,2022-07-29
ITA,2021-08-01,132844638.0,0.0,2022-07-29
ITA,2021-09-01,132844638.0,0.0,2022-07-29
ITA,2021-10-01,132844638.0,0.0,2022-07-29
ITA,2021-11-01,132844638.0,0.0,2022-07-29
ITA,2021-12-01,-4266721654.0,-4399566292.0,2022-07-29
ITA,2022-01-01,-10737418240.0,-6470696586.0,2022-07-29
ITA,2022-02-01,-12884901888.0,-2147483648.0,2022-07-29
ITA,2022-03-01,-12884901888.0,0.0,2022-07-29
ITA,2022-04-01,-12884901888.0,0.0,2022-07-29
ITA,2022-05-01,-12884901888.0,0.0,2022-07-29
JAM,2021-04-01,-6442450944.0,-6442450944.0,2022-07-29
JAM,2021-05-01,110400.0,6442561344.0,2022-07-29
JAM,2021-06-01,631360.0,520960.0,2022-07-29
JAM,2021-07-01,631360.0,0.0,2022-07-29
JAM,2021-08-01,1881640.0,1250280.0,2022-07-29
JAM,2021-09-01,3284840.0,1403200.0,2022-07-29
JAM,2021-10-01,3802080.0,517240.0,2022-07-29
JAM,2021-11-01,4202080.0,400000.0,2022-07-29
JAM,2021-12-01,4810140.0,608060.0,2022-07-29
JAM,2022-01-01,5835600.0,1025460.0,2022-07-29
JAM,2022-02-01,6135600.0,300000.0,2022-07-29
JAM,2022-03-01,6933540.0,797940.0,2022-07-29
JAM,2022-04-01,6933540.0,0.0,2022-07-29
JAM,2022-05-01,7033540.0,100000.0,2022-07-29
JAM,2022-06-01,7033540.0,0.0,2022-07-29
JPN,2021-03-01,-10737418240.0,-10737418240.0,2022-07-29
KEN,2021-04-01,1120000.0,1120000.0,2022-07-29
KEN,2021-05-01,1120000.0,0.0,2022-07-29
KEN,2021-06-01,1478000.0,358000.0,2022-07-29
KEN,2021-07-01,2143100.0,665100.0,2022-07-29
KEN,2021-08-01,3968760.0,1825660.0,2022-07-29
KEN,2021-09-01,7279220.0,3310460.0,2022-07-29
KEN,2021-10-01,9923210.0,2643990.0,2022-07-29
KEN,2021-11-01,16201670.0,6278460.0,2022-07-29
KEN,2021-12-01,23679820.0,7478150.0,2022-07-29
KEN,2022-01-01,23679820.0,0.0,2022-07-29
KGZ,2021-04-01,170000.0,170000.0,2022-07-29
KGZ,2021-06-01,-4294967296.0,-4295137296.0,2022-07-29
KGZ,2021-07-01,-4294967296.0,0.0,2022-07-29
KGZ,2021-08-01,-4294967296.0,0.0,2022-07-29
KHM,2021-03-01,4024000.0,4024000.0,2022-07-29
KHM,2021-04-01,6024000.0,2000000.0,2022-07-29
KHM,2021-05-01,9024000.0,3000000.0,2022-07-29
KNA,2021-04-01,-4294967296.0,-4294967296.0,2022-07-29
KNA,2021-05-01,40000.0,4295007296.0,2022-07-29
KNA,2021-06-01,85000.0,45000.0,2022-07-29
KNA,2021-07-01,136200.0,51200.0,2022-07-29
KNA,2021-08-01,136200.0,0.0,2022-07-29
KNA,2021-09-01,159600.0,23400.0,2022-07-29
KNA,2021-11-01,159600.0,0.0,2022-07-29
KNA,2021-12-01,159600.0,0.0,2022-07-29
KNA,2022-01-01,159600.0,0.0,2022-07-29
KNA,2022-02-01,175000.0,15400.0,2022-07-29
KNA,2022-03-01,175000.0,0.0,2022-07-29
KNA,2022-04-01,175000.0,0.0,2022-07-29
KNA,2022-05-01,175000.0,0.0,2022-07-29
KNA,2022-06-01,175000.0,0.0,2022-07-29
LAO,2021-03-01,1542800.0,1542800.0,2022-07-29
LAO,2021-04-01,1542800.0,0.0,2022-07-29
LAO,2021-07-01,3151420.0,1608620.0,2022-07-29
LAO,2021-08-01,5576440.0,2425020.0,2022-07-29
LBR,2021-05-01,123000.0,123000.0,2022-07-29
LBR,2021-06-01,123000.0,0.0,2022-07-29
LBR,2021-07-01,123000.0,0.0,2022-07-29
LBR,2021-08-01,425400.0,302400.0,2022-07-29
LBR,2021-09-01,629400.0,204000.0,2022-07-29
LBR,2021-10-01,893600.0,264200.0,2022-07-29
LBR,2021-11-01,893600.0,0.0,2022-07-29
LBR,2021-12-01,893600.0,0.0,2022-07-29
LBR,2022-01-01,1650780.0,757180.0,2022-07-29
LBY,2021-05-01,257600.0,257600.0,2022-07-29
LBY,2021-06-01,609300.0,351700.0,2022-07-29
LBY,2021-07-01,609300.0,0.0,2022-07-29
LBY,2021-08-01,3040290.0,2430990.0,2022-07-29
LBY,2021-09-01,3040290.0,0.0,2022-07-29
LBY,2021-10-01,3184290.0,144000.0,2022-07-29
LBY,2021-11-01,3184290.0,0.0,2022-07-29
LBY,2021-12-01,3184290.0,0.0,2022-07-29
LBY,2022-01-01,3184290.0,0.0,2022-07-29
LCA,2021-03-01,75000.0,75000.0,2022-07-29
LKA,2022-04-01,36158820.0,36158820.0,2022-07-29
LSO,2021-05-01,36000.0,36000.0,2022-07-29
LSO,2021-06-01,72000.0,36000.0,2022-07-29
LSO,2021-07-01,374400.0,302400.0,2022-07-29
LSO,2021-08-01,682400.0,308000.0,2022-07-29
LSO,2021-09-01,682400.0,0.0,2022-07-29
LSO,2021-10-01,931600.0,249200.0,2022-07-29
LSO,2021-11-01,1183450.0,251850.0,2022-07-29
LSO,2021-12-01,1516870.0,333420.0,2022-07-29
LSO,2022-01-01,1576870.0,60000.0,2022-07-29
LSO,2022-04-01,1611490.0,34620.0,2022-07-29
LTU,2021-02-01,-8589934592.0,-8589934592.0,2022-07-29
LTU,2021-03-01,-8589934592.0,0.0,2022-07-29
LTU,2021-04-01,-10737418240.0,-2147483648.0,2022-07-29
LTU,2021-05-01,-8584949582.0,2152468658.0,2022-07-29
LTU,2021-06-01,-8584949582.0,0.0,2022-07-29
LTU,2021-07-01,-8584949582.0,0.0,2022-07-29
LTU,2021-08-01,4985010.0,8589934592.0,2022-07-29
LTU,2021-09-01,4985010.0,0.0,2022-07-29
LTU,2021-10-01,4985010.0,0.0,2022-07-29
LTU,2021-11-01,12157000.0,7171990.0,2022-07-29
LTU,2021-12-01,12157000.0,0.0,2022-07-29
LTU,2022-01-01,12157000.0,0.0,2022-07-29
LTU,2022-02-01,14730410.0,2573410.0,2022-07-29
LTU,2022-03-01,14730410.0,0.0,2022-07-29
LTU,2022-04-01,14730410.0,0.0,2022-07-29
LTU,2022-05-01,14730410.0,0.0,2022-07-29
MAC,2021-03-01,-6442450944.0,-6442450944.0,2022-07-29
MAC,2021-04-01,-6442450944.0,0.0,2022-07-29
MAC,2021-05-01,1111080.0,6443562024.0,2022-07-29
MAC,2021-06-01,1191030.0,79950.0,2022-07-29
MAC,2021-07-01,1259280.0,68250.0,2022-07-29
MAC,2021-08-01,1659280.0,400000.0,2022-07-29
MAC,2021-09-01,1659280.0,0.0,2022-07-29
MAC,2021-10-01,2462930.0,803650.0,2022-07-29
MAC,2021-11-01,2462930.0,0.0,2022-07-29
MAC,2021-12-01,2462930.0,0.0,2022-07-29
MAC,2022-01-01,2462930.0,0.0,2022-07-29
MAC,2022-02-01,3062930.0,600000.0,2022-07-29
MAC,2022-03-01,3264170.0,201240.0,2022-07-29
MAC,2022-04-01,3264170.0,0.0,2022-07-29
MAC,2022-05-01,3283370.0,19200.0,2022-07-29
MAR,2021-05-01,12807200.0,12807200.0,2022-07-29
MAR,2021-06-01,11957600.0,-849600.0,2022-07-29
MAR,2021-07-01,11957600.0,0.0,2022-07-29
MAR,2021-08-01,12760000.0,802400.0,2022-07-29
MAR,2021-09-01,13410400.0,650400.0,2022-07-29
MAR,2021-10-01,13410400.0,0.0,2022-07-29
MAR,2021-11-01,14260990.0,850590.0,2022-07-29
MAR,2021-12-01,14260990.0,0.0,2022-07-29
MAR,2022-01-01,14260990.0,0.0,2022-07-29
MCO,2021-06-01,117000.0,117000.0,2022-07-29
MCO,2021-08-01,138452.0,21452.0,2022-07-29
MCO,2021-09-01,140400.0,1948.0,2022-07-29
MCO,2021-10-01,140400.0,0.0,2022-07-29
MCO,2021-11-01,140400.0,0.0,2022-07-29
MCO,2021-12-01,152100.0,11700.0,2022-07-29
MCO,2022-02-01,164400.0,12300.0,2022-07-29
MCO,2022-03-01,170400.0,6000.0,2022-07-29
MCO,2022-04-01,170400.0,0.0,2022-07-29
MCO,2022-05-01,170400.0,0.0,2022-07-29
MDG,2021-05-01,250000.0,250000.0,2022-07-29
MDG,2021-06-01,250000.0,0.0,2022-07-29
MDG,2021-07-01,552750.0,302750.0,2022-07-29
MDG,2021-08-01,544990.0,-7760.0,2022-07-29
MDG,2021-09-01,844990.0,300000.0,2022-07-29
MDG,2021-10-01,1648990.0,804000.0,2022-07-29
MDG,2021-11-01,844990.0,-804000.0,2022-07-29
MDG,2021-12-01,1438170.0,593180.0,2022-07-29
MDG,2022-01-01,1438170.0,0.0,2022-07-29
MDG,2022-02-01,1449270.0,11100.0,2022-07-29
MDG,2022-03-01,357600.0,-1091670.0,2022-07-29
MDG,2022-04-01,357600.0,0.0,2022-07-29
MDG,2022-05-01,0.0,-357600.0,2022-07-29
MDV,2021-10-01,1029400.0,1029400.0,2022-07-29
MDV,2021-11-01,1426150.0,396750.0,2022-07-29
MDV,2021-12-01,1526770.0,100620.0,2022-07-29
MDV,2022-01-01,1893370.0,366600.0,2022-07-29
MDV,2022-02-01,1893370.0,0.0,2022-07-29
MDV,2022-03-01,1893370.0,0.0,2022-07-29
MDV,2022-04-01,1725370.0,-168000.0,2022-07-29
MDV,2022-05-01,1725370.0,0.0,2022-07-29
MEX,2022-01-01,409177890.0,409177890.0,2022-07-29
MEX,2022-02-01,452902490.0,43724600.0,2022-07-29
MEX,2022-04-01,452902490.0,0.0,2022-07-29
MEX,2022-05-01,466918490.0,14016000.0,2022-07-29
MLI,2021-05-01,396000.0,396000.0,2022-07-29
MLI,2021-06-01,396000.0,0.0,2022-07-29
MLI,2021-07-01,396000.0,0.0,2022-07-29
MLI,2021-08-01,547200.0,151200.0,2022-07-29
MLI,2021-09-01,626400.0,79200.0,2022-07-29
MLI,2021-10-01,1461600.0,835200.0,2022-07-29
MLI,2021-11-01,1629600.0,168000.0,2022-07-29
MLI,2021-12-01,2855200.0,1225600.0,2022-07-29
MLI,2022-01-01,2855200.0,0.0,2022-07-29
MMR,2021-09-01,-6442450944.0,-6442450944.0,2022-07-29
MMR,2021-10-01,-6442450944.0,0.0,2022-07-29
MMR,2021-11-01,-6442450944.0,0.0,2022-07-29
MMR,2021-12-01,-6441938944.0,512000.0,2022-07-29
MMR,2022-01-01,-6441938944.0,0.0,2022-07-29
MMR,2022-02-01,-6441938944.0,0.0,2022-07-29
MMR,2022-03-01,-6441938944.0,0.0,2022-07-29
MMR,2022-05-01,42912000.0,6484850944.0,2022-07-29
MNE,2021-03-01,-8589934592.0,-8589934592.0,2022-07-29
MNG,2021-03-01,1440540.0,1440540.0,2022-07-29
MNG,2022-04-01,8349550.0,6909010.0,2022-07-29
MOZ,2021-03-01,684000.0,684000.0,2022-07-29
MOZ,2021-04-01,684000.0,0.0,2022-07-29
MOZ,2021-05-01,684000.0,0.0,2022-07-29
MOZ,2021-06-01,1720400.0,1036400.0,2022-07-29
MOZ,2021-07-01,2046400.0,326000.0,2022-07-29
MOZ,2021-08-01,3904400.0,1858000.0,2022-07-29
MOZ,2021-09-01,4193360.0,288960.0,2022-07-29
MOZ,2021-10-01,6921077.0,2727717.0,2022-07-29
MOZ,2021-11-01,13335820.0,6414743.0,2022-07-29
MOZ,2021-12-01,20866620.0,7530800.0,2022-07-29
MOZ,2022-01-01,32932420.0,12065800.0,2022-07-29
MRT,2021-05-01,175700.0,175700.0,2022-07-29
MRT,2021-06-01,530700.0,355000.0,2022-07-29
MRT,2021-07-01,530700.0,0.0,2022-07-29
MRT,2021-08-01,943690.0,412990.0,2022-07-29
MRT,2021-09-01,1505550.0,561860.0,2022-07-29
MRT,2021-10-01,2174880.0,669330.0,2022-07-29
MRT,2021-11-01,2959080.0,784200.0,2022-07-29
MRT,2021-12-01,4444480.0,1485400.0,2022-07-29
MRT,2022-01-01,4444480.0,0.0,2022-07-29
MUS,2021-05-01,962800.0,962800.0,2022-07-29
MUS,2021-06-01,1062400.0,99600.0,2022-07-29
MUS,2021-07-01,1562400.0,500000.0,2022-07-29
MUS,2021-08-01,1670400.0,108000.0,2022-07-29
MUS,2021-09-01,1713800.0,43400.0,2022-07-29
MUS,2021-10-01,2341420.0,627620.0,2022-07-29
MUS,2021-11-01,2449060.0,107640.0,2022-07-29
MUS,2021-12-01,2983840.0,534780.0,2022-07-29
MUS,2022-01-01,2983840.0,0.0,2022-07-29
MWI,2021-05-01,512000.0,512000.0,2022-07-29
MWI,2021-06-01,512000.0,0.0,2022-07-29
MWI,2021-07-01,704000.0,192000.0,2022-07-29
MWI,2021-08-01,1125440.0,421440.0,2022-07-29
MWI,2021-09-01,1125440.0,0.0,2022-07-29
MWI,2021-10-01,2425790.0,1300350.0,2022-07-29
MWI,2021-11-01,2797850.0,372060.0,2022-07-29
MWI,2021-12-01,2797850.0,0.0,2022-07-29
MWI,2022-01-01,2797850.0,0.0,2022-07-29
MYS,2021-03-01,-6442450944.0,-6442450944.0,2022-07-29
MYS,2021-05-01,7921124.0,6450372068.0,2022-07-29
MYS,2021-06-01,19397368.0,11476244.0,2022-07-29
MYS,2021-07-01,22797368.0,3400000.0,2022-07-29
MYS,2021-08-01,87084080.0,64286712.0,2022-07-29
MYS,2021-09-01,129378856.0,42294776.0,2022-07-29
MYS,2021-10-01,147200516.0,17821660.0,2022-07-29
MYS,2021-11-01,159494256.0,12293740.0,2022-07-29
MYS,2021-12-01,168044476.0,8550220.0,2022-07-29
MYS,2022-03-01,129207676.0,-38836800.0,2022-07-29
MYS,2022-04-01,129207676.0,0.0,2022-07-29
NAM,2021-05-01,197200.0,197200.0,2022-07-29
NAM,2021-06-01,197200.0,0.0,2022-07-29
NAM,2021-07-01,447200.0,250000.0,2022-07-29
NAM,2021-08-01,597200.0,150000.0,2022-07-29
NAM,2021-09-01,766000.0,168800.0,2022-07-29
NAM,2021-10-01,1068220.0,302220.0,2022-07-29
NAM,2021-11-01,1291420.0,223200.0,2022-07-29
NAM,2021-12-01,1698240.0,406820.0,2022-07-29
NAM,2022-01-01,1698240.0,0.0,2022-07-29
NER,2021-03-01,780200.0,780200.0,2022-07-29
NER,2021-04-01,780200.0,0.0,2022-07-29
NER,2021-05-01,780000.0,-200.0,2022-07-29
NER,2021-06-01,1082400.0,302400.0,2022-07-29
NER,2021-07-01,931200.0,-151200.0,2022-07-29
NER,2021-08-01,1289000.0,357800.0,2022-07-29
NER,2021-09-01,1289000.0,0.0,2022-07-29
NER,2021-10-01,3050600.0,1761600.0,2022-07-29
NER,2021-11-01,2844200.0,-206400.0,2022-07-29
NER,2021-12-01,2844200.0,0.0,2022-07-29
NER,2022-01-01,5877570.0,3033370.0,2022-07-29
NGA,2021-05-01,3925500.0,3925500.0,2022-07-29
NGA,2021-06-01,4024000.0,98500.0,2022-07-29
NGA,2021-07-01,8024080.0,4000080.0,2022-07-29
NGA,2021-08-01,8901440.0,877360.0,2022-07-29
NGA,2021-09-01,9463040.0,561600.0,2022-07-29
NGA,2021-10-01,18283780.0,8820740.0,2022-07-29
NGA,2021-11-01,30195570.0,11911790.0,2022-07-29
NGA,2021-12-01,30195570.0,0.0,2022-07-29
NGA,2022-01-01,30195570.0,0.0,2022-07-29
NIC,2021-06-01,645000.0,645000.0,2022-07-29
NIC,2021-12-01,16693760.0,16048760.0,2022-07-29
NOR,2021-02-01,-10737418240.0,-10737418240.0,2022-07-29
NOR,2021-03-01,-10737418240.0,0.0,2022-07-29
NOR,2021-04-01,-10737418240.0,0.0,2022-07-29
NOR,2021-05-01,-10737418240.0,0.0,2022-07-29
NOR,2021-06-01,-10737418240.0,0.0,2022-07-29
NOR,2021-07-01,-10737418240.0,0.0,2022-07-29
NOR,2021-08-01,-10737418240.0,0.0,2022-07-29
NOR,2021-09-01,-10737418240.0,0.0,2022-07-29
NOR,2021-10-01,-10737418240.0,0.0,2022-07-29
NOR,2021-11-01,-10737418240.0,0.0,2022-07-29
NOR,2021-12-01,-10737418240.0,0.0,2022-07-29
NOR,2022-01-01,-10737418240.0,0.0,2022-07-29
NOR,2022-02-01,-10737418240.0,0.0,2022-07-29
NOR,2022-04-01,-10737418240.0,0.0,2022-07-29
NOR,2022-05-01,-10737418240.0,0.0,2022-07-29
NOR,2022-06-01,-10737418240.0,0.0,2022-07-29
NPL,2022-05-01,49381540.0,49381540.0,2022-07-29
NRU,2021-04-01,-6442450944.0,-6442450944.0,2022-07-29
NZL,2021-10-01,20001600.0,20001600.0,2022-07-29
NZL,2022-04-01,20001600.0,0.0,2022-07-29
NZL,2022-05-01,20001600.0,0.0,2022-07-29
OMN,2021-12-01,14796978.0,14796978.0,2022-07-29
PAK,2021-04-01,5260000.0,5260000.0,2022-07-29
PAK,2021-05-01,12263000.0,7003000.0,2022-07-29
PAK,2021-06-01,17441841.0,5178841.0,2022-07-29
PAK,2021-07-01,38155170.0,20713329.0,2022-07-29
PAK,2021-09-01,89867330.0,51712160.0,2022-07-29
PAK,2022-02-01,351509771.0,261642441.0,2022-07-29
PAK,2022-05-01,294309204.0,-57200567.0,2022-07-29
PAN,2021-04-01,-6442450944.0,-6442450944.0,2022-07-29
PAN,2021-05-01,2872860.0,6445323804.0,2022-07-29
PAN,2021-06-01,3280860.0,408000.0,2022-07-29
PAN,2021-07-01,7954020.0,4673160.0,2022-07-29
PAN,2021-08-01,11325720.0,3371700.0,2022-07-29
PAN,2021-09-01,15050640.0,3724920.0,2022-07-29
PAN,2021-10-01,15050640.0,0.0,2022-07-29
PAN,2021-11-01,17233860.0,2183220.0,2022-07-29
PAN,2021-12-01,18034140.0,800280.0,2022-07-29
PAN,2022-01-01,18686940.0,652800.0,2022-07-29
PAN,2022-02-01,19190940.0,504000.0,2022-07-29
PAN,2022-03-01,19682940.0,492000.0,2022-07-29
PAN,2022-04-01,19682940.0,0.0,2022-07-29
PAN,2022-05-01,20183700.0,500760.0,2022-07-29
PHL,2021-03-01,4025600.0,4025600.0,2022-07-29
PHL,2021-04-01,8329050.0,4303450.0,2022-07-29
PHL,2021-05-01,14205870.0,5876820.0,2022-07-29
PHL,2021-06-01,17457810.0,3251940.0,2022-07-29
PHL,2021-07-01,33860700.0,16402890.0,2022-07-29
PHL,2021-08-01,51900590.0,18039890.0,2022-07-29
PHL,2021-09-01,71324590.0,19424000.0,2022-07-29
PHL,2021-11-01,142564490.0,71239900.0,2022-07-29
PHL,2021-12-01,210464430.0,67899940.0,2022-07-29
PHL,2022-01-01,216387790.0,5923360.0,2022-07-29
PHL,2022-02-01,225731410.0,9343620.0,2022-07-29
PHL,2022-04-01,245075680.0,19344270.0,2022-07-29
PHL,2022-05-01,245075680.0,0.0,2022-07-29
PNG,2021-03-01,141000.0,141000.0,2022-07-29
PNG,2021-04-01,141000.0,0.0,2022-07-29
PNG,2021-05-01,151000.0,10000.0,2022-07-29
PNG,2021-06-01,497400.0,346400.0,2022-07-29
PNG,2021-07-01,807800.0,310400.0,2022-07-29
PNG,2021-08-01,780280.0,-27520.0,2022-07-29
PNG,2021-09-01,886780.0,106500.0,2022-07-29
PNG,2021-10-01,946780.0,60000.0,2022-07-29
PNG,2021-11-01,1006780.0,60000.0,2022-07-29
PNG,2021-12-01,1309180.0,302400.0,2022-07-29
PNG,2022-01-01,1381100.0,71920.0,2022-07-29
PNG,2022-02-01,1381100.0,0.0,2022-07-29
PNG,2022-03-01,1510100.0,129000.0,2022-07-29
PNG,2022-04-01,1535100.0,25000.0,2022-07-29
PNG,2022-05-01,1535100.0,0.0,2022-07-29
PRY,2021-03-01,-12884901888.0,-12884901888.0,2022-07-29
PRY,2021-04-01,-12884901888.0,0.0,2022-07-29
PRY,2021-05-01,1414800.0,12886316688.0,2022-07-29
PRY,2021-06-01,2686800.0,1272000.0,2022-07-29
PRY,2021-07-01,7391780.0,4704980.0,2022-07-29
PRY,2021-08-01,8888036.0,1496256.0,2022-07-29
PRY,2021-09-01,11187996.0,2299960.0,2022-07-29
PRY,2021-10-01,13645956.0,2457960.0,2022-07-29
PRY,2021-11-01,17682576.0,4036620.0,2022-07-29
PRY,2021-12-01,18962556.0,1279980.0,2022-07-29
PRY,2022-01-01,21040216.0,2077660.0,2022-07-29
PRY,2022-02-01,21184216.0,144000.0,2022-07-29
PRY,2022-03-01,21472216.0,288000.0,2022-07-29
PRY,2022-04-01,21472216.0,0.0,2022-07-29
PRY,2022-05-01,23051816.0,1579600.0,2022-07-29
PSE,2022-02-01,7851240.0,7851240.0,2022-07-29
PSE,2022-03-01,7851240.0,0.0,2022-07-29
PSE,2022-04-01,8150760.0,299520.0,2022-07-29
PYF,2021-03-01,-6442450944.0,-6442450944.0,2022-07-29
PYF,2022-03-01,875200.0,6443326144.0,2022-07-29
PYF,2022-04-01,875200.0,0.0,2022-07-29
PYF,2022-05-01,875200.0,0.0,2022-07-29
QAT,2021-03-01,-8589934592.0,-8589934592.0,2022-07-29
QAT,2021-04-01,-8589934592.0,0.0,2022-07-29
QAT,2021-07-01,9050090.0,8598984682.0,2022-07-29
QAT,2021-08-01,10105470.0,1055380.0,2022-07-29
QAT,2021-09-01,10105470.0,0.0,2022-07-29
QAT,2021-10-01,11469930.0,1364460.0,2022-07-29
QAT,2021-11-01,11844330.0,374400.0,2022-07-29
QAT,2021-12-01,12244470.0,400140.0,2022-07-29
QAT,2022-01-01,12244470.0,0.0,2022-07-29
QAT,2022-04-01,7417630.0,-4826840.0,2022-07-29
QAT,2022-05-01,7417630.0,0.0,2022-07-29
RWA,2021-05-01,392960.0,392960.0,2022-07-29
RWA,2021-06-01,495920.0,102960.0,2022-07-29
RWA,2021-07-01,879300.0,383380.0,2022-07-29
RWA,2021-08-01,879300.0,0.0,2022-07-29
RWA,2021-09-01,3650000.0,2770700.0,2022-07-29
RWA,2021-10-01,6211400.0,2561400.0,2022-07-29
RWA,2021-11-01,9401230.0,3189830.0,2022-07-29
RWA,2021-12-01,16843500.0,7442270.0,2022-07-29
RWA,2022-01-01,22812020.0,5968520.0,2022-07-29
SDN,2021-05-01,828000.0,828000.0,2022-07-29
SDN,2021-06-01,828000.0,0.0,2022-07-29
SDN,2021-07-01,828000.0,0.0,2022-07-29
SDN,2021-08-01,828000.0,0.0,2022-07-29
SDN,2021-09-01,1653100.0,825100.0,2022-07-29
SDN,2021-10-01,2310700.0,657600.0,2022-07-29
SDN,2021-11-01,2810290.0,499590.0,2022-07-29
SDN,2021-12-01,2810290.0,0.0,2022-07-29
SDN,2022-01-01,2810290.0,0.0,2022-07-29
SDN,2022-02-01,9633830.0,6823540.0,2022-07-29
SDN,2022-03-01,9633830.0,0.0,2022-07-29
SDN,2022-04-01,10633010.0,999180.0,2022-07-29
SDN,2022-06-01,12102210.0,1469200.0,2022-07-29
SEN,2021-04-01,639000.0,639000.0,2022-07-29
SEN,2021-05-01,1123800.0,484800.0,2022-07-29
SEN,2021-06-01,1123800.0,0.0,2022-07-29
SEN,2021-07-01,1758318.0,634518.0,2022-07-29
SEN,2021-08-01,2175678.0,417360.0,2022-07-29
SEN,2021-09-01,3039678.0,864000.0,2022-07-29
SEN,2021-10-01,3939968.0,900290.0,2022-07-29
SEN,2021-11-01,3939968.0,0.0,2022-07-29
SEN,2021-12-01,5678908.0,1738940.0,2022-07-29
SEN,2022-01-01,5678908.0,0.0,2022-07-29
SLE,2021-05-01,378000.0,378000.0,2022-07-29
SLE,2021-06-01,0.0,-378000.0,2022-07-29
SLE,2021-07-01,516000.0,516000.0,2022-07-29
SLE,2021-08-01,674000.0,158000.0,2022-07-29
SLE,2021-09-01,991490.0,317490.0,2022-07-29
SLE,2021-10-01,1123490.0,132000.0,2022-07-29
SLE,2021-11-01,1123490.0,0.0,2022-07-29
SLE,2021-12-01,1123490.0,0.0,2022-07-29
SLE,2022-01-01,1123490.0,0.0,2022-07-29
SLV,2021-03-01,1734000.0,1734000.0,2022-07-29
SLV,2021-04-01,1734000.0,0.0,2022-07-29
SLV,2021-05-01,940400.0,-793600.0,2022-07-29
SLV,2021-06-01,1121870.0,181470.0,2022-07-29
SLV,2021-07-01,4122070.0,3000200.0,2022-07-29
SLV,2021-08-01,9924890.0,5802820.0,2022-07-29
SLV,2021-09-01,12031640.0,2106750.0,2022-07-29
SLV,2021-10-01,13129550.0,1097910.0,2022-07-29
SLV,2021-11-01,13953230.0,823680.0,2022-07-29
SLV,2022-01-01,15007190.0,1053960.0,2022-07-29
SLV,2022-02-01,15007190.0,0.0,2022-07-29
SLV,2022-03-01,15007190.0,0.0,2022-07-29
SMR,2021-03-01,-6442450944.0,-6442450944.0,2022-07-29
SMR,2021-04-01,-6442450944.0,0.0,2022-07-29
SMR,2021-05-01,-2147467268.0,4294983676.0,2022-07-29
SMR,2021-06-01,168760.0,2147636028.0,2022-07-29
SMR,2021-07-01,168760.0,0.0,2022-07-29
SMR,2021-08-01,168760.0,0.0,2022-07-29
SMR,2021-09-01,168760.0,0.0,2022-07-29
SMR,2021-10-01,175780.0,7020.0,2022-07-29
SMR,2021-11-01,199180.0,23400.0,2022-07-29
SMR,2021-12-01,199180.0,0.0,2022-07-29
SMR,2022-01-01,199180.0,0.0,2022-07-29
SMR,2022-04-01,199180.0,0.0,2022-07-29
SMR,2022-05-01,199180.0,0.0,2022-07-29
SMR,2022-06-01,199180.0,0.0,2022-07-29
SOM,2021-04-01,200000.0,200000.0,2022-07-29
SOM,2021-05-01,300000.0,100000.0,2022-07-29
SOM,2021-06-01,300000.0,0.0,2022-07-29
SOM,2021-07-01,300000.0,0.0,2022-07-29
SOM,2021-08-01,861600.0,561600.0,2022-07-29
SOM,2021-09-01,861600.0,0.0,2022-07-29
SOM,2021-10-01,1125600.0,264000.0,2022-07-29
SOM,2021-11-01,1462100.0,336500.0,2022-07-29
SOM,2021-12-01,1462100.0,0.0,2022-07-29
SOM,2022-01-01,1462100.0,0.0,2022-07-29
SSD,2021-05-01,60000.0,60000.0,2022-07-29
SSD,2021-06-01,120000.0,60000.0,2022-07-29
SSD,2021-07-01,192000.0,72000.0,2022-07-29
SSD,2021-08-01,60000.0,-132000.0,2022-07-29
SSD,2021-09-01,272470.0,212470.0,2022-07-29
SSD,2021-10-01,272470.0,0.0,2022-07-29
SSD,2021-11-01,332470.0,60000.0,2022-07-29
SSD,2021-12-01,930070.0,597600.0,2022-07-29
SSD,2022-01-01,930070.0,0.0,2022-07-29
STP,2021-05-01,24000.0,24000.0,2022-07-29
STP,2021-06-01,48500.0,24500.0,2022-07-29
STP,2021-07-01,60500.0,12000.0,2022-07-29
STP,2021-08-01,97500.0,37000.0,2022-07-29
STP,2021-09-01,197500.0,100000.0,2022-07-29
STP,2021-10-01,276700.0,79200.0,2022-07-29
STP,2021-11-01,332900.0,56200.0,2022-07-29
STP,2021-12-01,332900.0,0.0,2022-07-29
STP,2022-01-01,394820.0,61920.0,2022-07-29
SUR,2021-03-01,-6442450944.0,-6442450944.0,2022-07-29
SUR,2021-04-01,-6442450944.0,0.0,2022-07-29
SUR,2021-09-01,1217200.0,6443668144.0,2022-07-29
SVN,2021-02-01,-8589934592.0,-8589934592.0,2022-07-29
SVN,2021-03-01,-8589934592.0,0.0,2022-07-29
SVN,2021-05-01,2641560.0,8592576152.0,2022-07-29
SVN,2021-06-01,4626660.0,1985100.0,2022-07-29
SVN,2021-07-01,4994980.0,368320.0,2022-07-29
SVN,2021-08-01,6076000.0,1081020.0,2022-07-29
SVN,2021-09-01,6208120.0,132120.0,2022-07-29
SVN,2021-10-01,6208120.0,0.0,2022-07-29
SVN,2021-11-01,7056760.0,848640.0,2022-07-29
SVN,2021-12-01,7554340.0,497580.0,2022-07-29
SVN,2022-01-01,8382880.0,828540.0,2022-07-29
SVN,2022-03-01,9571120.0,1188240.0,2022-07-29
SVN,2022-05-01,10037580.0,466460.0,2022-07-29
SWE,2021-08-01,23460730.0,23460730.0,2022-07-29
SWE,2021-09-01,23460730.0,0.0,2022-07-29
SWE,2021-10-01,23460730.0,0.0,2022-07-29
SWE,2021-11-01,39011650.0,15550920.0,2022-07-29
SWE,2021-12-01,42609130.0,3597480.0,2022-07-29
SWZ,2021-03-01,32000.0,32000.0,2022-07-29
SWZ,2021-05-01,32000.0,0.0,2022-07-29
SWZ,2021-06-01,32000.0,0.0,2022-07-29
SWZ,2021-07-01,340400.0,308400.0,2022-07-29
SWZ,2021-08-01,409190.0,68790.0,2022-07-29
SWZ,2021-09-01,422030.0,12840.0,2022-07-29
SWZ,2021-10-01,578210.0,156180.0,2022-07-29
SWZ,2021-11-01,578210.0,0.0,2022-07-29
SWZ,2021-12-01,578210.0,0.0,2022-07-29
SWZ,2022-01-01,578210.0,0.0,2022-07-29
SWZ,2022-04-01,783480.0,205270.0,2022-07-29
SWZ,2022-05-01,795990.0,12510.0,2022-07-29
SYC,2021-05-01,140000.0,140000.0,2022-07-29
SYC,2021-06-01,140000.0,0.0,2022-07-29
SYC,2021-07-01,140000.0,0.0,2022-07-29
SYC,2021-08-01,251620.0,111620.0,2022-07-29
SYC,2021-09-01,251620.0,0.0,2022-07-29
SYC,2021-10-01,364220.0,112600.0,2022-07-29
SYC,2021-11-01,364220.0,0.0,2022-07-29
SYC,2021-12-01,404000.0,39780.0,2022-07-29
SYC,2022-01-01,404000.0,0.0,2022-07-29
SYC,2022-04-01,226220.0,-177780.0,2022-07-29
SYR,2021-06-01,203000.0,203000.0,2022-07-29
SYR,2021-10-01,203000.0,0.0,2022-07-29
SYR,2021-12-01,203000.0,0.0,2022-07-29
SYR,2022-01-01,203000.0,0.0,2022-07-29
SYR,2022-02-01,203000.0,0.0,2022-07-29
SYR,2022-03-01,203000.0,0.0,2022-07-29
SYR,2022-04-01,15534540.0,15331540.0,2022-07-29
SYR,2022-05-01,15534540.0,0.0,2022-07-29
SYR,2022-06-01,15534540.0,0.0,2022-07-29
TCD,2021-05-01,200000.0,200000.0,2022-07-29
TCD,2021-06-01,300620.0,100620.0,2022-07-29
TCD,2021-07-01,300620.0,0.0,2022-07-29
TCD,2021-08-01,300620.0,0.0,2022-07-29
TCD,2021-09-01,417620.0,117000.0,2022-07-29
TCD,2021-10-01,533450.0,115830.0,2022-07-29
TCD,2021-11-01,703750.0,170300.0,2022-07-29
TCD,2021-12-01,703750.0,0.0,2022-07-29
TCD,2022-01-01,1346950.0,643200.0,2022-07-29
TGO,2021-05-01,476000.0,476000.0,2022-07-29
TGO,2021-06-01,716620.0,240620.0,2022-07-29
TGO,2021-07-01,716620.0,0.0,2022-07-29
TGO,2021-08-01,834220.0,117600.0,2022-07-29
TGO,2021-09-01,1848150.0,1013930.0,2022-07-29
TGO,2021-10-01,3327210.0,1479060.0,2022-07-29
TGO,2021-11-01,4949670.0,1622460.0,2022-07-29
TGO,2021-12-01,5312070.0,362400.0,2022-07-29
TGO,2022-01-01,5475870.0,163800.0,2022-07-29
TJK,2021-03-01,192000.0,192000.0,2022-07-29
TJK,2022-04-01,14318140.0,14126140.0,2022-07-29
TJK,2022-05-01,14956880.0,638740.0,2022-07-29
TKM,2021-02-01,-10737418240.0,-10737418240.0,2022-07-29
TKM,2021-04-01,-12884901888.0,-2147483648.0,2022-07-29
TKM,2021-05-01,-12884901888.0,0.0,2022-07-29
TKM,2021-06-01,-12884901888.0,0.0,2022-07-29
TKM,2021-08-01,-12884901888.0,0.0,2022-07-29
TKM,2021-09-01,-15032385536.0,-2147483648.0,2022-07-29
TTO,2021-03-01,-4294967296.0,-4294967296.0,2022-07-29
TTO,2021-08-01,1267940.0,4296235236.0,2022-07-29
TUN,2021-05-01,892000.0,892000.0,2022-07-29
TUN,2021-06-01,818290.0,-73710.0,2022-07-29
TUN,2021-07-01,818290.0,0.0,2022-07-29
TUN,2021-08-01,3105558.0,2287268.0,2022-07-29
TUN,2021-09-01,3213558.0,108000.0,2022-07-29
TUN,2021-10-01,3213558.0,0.0,2022-07-29
TUN,2021-11-01,3213558.0,0.0,2022-07-29
TUN,2021-12-01,3213558.0,0.0,2022-07-29
TUN,2022-01-01,3213558.0,0.0,2022-07-29
TZA,2021-07-01,1000000.0,1000000.0,2022-07-29
TZA,2021-08-01,1158400.0,158400.0,2022-07-29
TZA,2021-09-01,1169450.0,11050.0,2022-07-29
TZA,2021-10-01,2234050.0,1064600.0,2022-07-29
TZA,2021-11-01,4646740.0,2412690.0,2022-07-29
TZA,2021-12-01,6518950.0,1872210.0,2022-07-29
TZA,2022-01-01,6518950.0,0.0,2022-07-29
TZA,2022-04-01,10846980.0,4328030.0,2022-07-29
UGA,2021-05-01,964000.0,964000.0,2022-07-29
UGA,2021-06-01,964000.0,0.0,2022-07-29
UGA,2021-07-01,964000.0,0.0,2022-07-29
UGA,2021-08-01,964000.0,0.0,2022-07-29
UGA,2021-09-01,2152840.0,1188840.0,2022-07-29
UGA,2021-10-01,7735810.0,5582970.0,2022-07-29
UGA,2021-11-01,7735810.0,0.0,2022-07-29
UGA,2021-12-01,30621640.0,22885830.0,2022-07-29
UGA,2022-01-01,34567240.0,3945600.0,2022-07-29
UKR,2021-03-01,817000.0,817000.0,2022-07-29
UKR,2021-04-01,1184200.0,367200.0,2022-07-29
UKR,2021-06-01,5055916.0,3871716.0,2022-07-29
UKR,2021-07-01,12492956.0,7437040.0,2022-07-29
UKR,2021-08-01,19928416.0,7435460.0,2022-07-29
UKR,2021-09-01,23903476.0,3975060.0,2022-07-29
UKR,2021-10-01,26345266.0,2441790.0,2022-07-29
UKR,2021-11-01,34885716.0,8540450.0,2022-07-29
UKR,2022-01-01,43952526.0,9066810.0,2022-07-29
UKR,2022-02-01,48957606.0,5005080.0,2022-07-29
UKR,2022-03-01,48957606.0,0.0,2022-07-29
UKR,2022-04-01,48957606.0,0.0,2022-07-29
URY,2021-07-01,13896800.0,13896800.0,2022-07-29
URY,2021-08-01,14607920.0,711120.0,2022-07-29
URY,2021-09-01,14708720.0,100800.0,2022-07-29
URY,2021-10-01,14708720.0,0.0,2022-07-29
URY,2021-11-01,14708720.0,0.0,2022-07-29
URY,2021-12-01,14708720.0,0.0,2022-07-29
URY,2022-01-01,16465820.0,1757100.0,2022-07-29
URY,2022-02-01,16465820.0,0.0,2022-07-29
URY,2022-03-01,16465820.0,0.0,2022-07-29
URY,2022-04-01,16465820.0,0.0,2022-07-29
URY,2022-05-01,16646620.0,180800.0,2022-07-29
USA,2021-03-01,-8589934592.0,-8589934592.0,2022-07-29
USA,2021-04-01,-8589934592.0,0.0,2022-07-29
USA,2021-05-01,-8589934592.0,0.0,2022-07-29
USA,2021-06-01,-8589934592.0,0.0,2022-07-29
USA,2021-07-01,-8589934592.0,0.0,2022-07-29
USA,2022-01-01,-8589934592.0,0.0,2022-07-29
USA,2022-02-01,-8589934592.0,0.0,2022-07-29
USA,2022-03-01,-8589934592.0,0.0,2022-07-29
USA,2022-05-01,-8589934592.0,0.0,2022-07-29
VCT,2021-03-01,35000.0,35000.0,2022-07-29
VCT,2022-05-01,113420.0,78420.0,2022-07-29
VEN,2021-03-01,-6442450944.0,-6442450944.0,2022-07-29
VEN,2021-04-01,-6442450944.0,0.0,2022-07-29
VEN,2021-05-01,960000.0,6443410944.0,2022-07-29
VEN,2021-06-01,960000.0,0.0,2022-07-29
VEN,2021-08-01,960000.0,0.0,2022-07-29
VEN,2021-09-01,960000.0,0.0,2022-07-29
VEN,2021-11-01,960000.0,0.0,2022-07-29
VGB,2021-04-01,-4294967296.0,-4294967296.0,2022-07-29
VGB,2021-05-01,76000.0,4295043296.0,2022-07-29
VNM,2022-04-01,9347430.0,9347430.0,2022-07-29
WSM,2021-03-01,24000.0,24000.0,2022-07-29
WSM,2021-07-01,241200.0,217200.0,2022-07-29
WSM,2021-11-01,297060.0,55860.0,2022-07-29
YEM,2021-03-01,360000.0,360000.0,2022-07-29
ZAF,2021-05-01,500000.0,500000.0,2022-07-29
ZAF,2021-06-01,5674000.0,5174000.0,2022-07-29
ZAF,2021-07-01,8674000.0,3000000.0,2022-07-29
ZAF,2021-08-01,10174000.0,1500000.0,2022-07-29
ZAF,2021-09-01,14179000.0,4005000.0,2022-07-29
ZAF,2021-10-01,15179000.0,1000000.0,2022-07-29
ZAF,2021-11-01,15179000.0,0.0,2022-07-29
ZAF,2021-12-01,15179000.0,0.0,2022-07-29
ZAF,2022-01-01,15179000.0,0.0,2022-07-29
ZMB,2021-05-01,228000.0,228000.0,2022-07-29
ZMB,2021-06-01,228000.0,0.0,2022-07-29
ZMB,2021-07-01,228000.0,0.0,2022-07-29
ZMB,2021-08-01,758400.0,530400.0,2022-07-29
ZMB,2021-09-01,1473300.0,714900.0,2022-07-29
ZMB,2021-10-01,3914820.0,2441520.0,2022-07-29
ZMB,2021-11-01,4790820.0,876000.0,2022-07-29
ZMB,2021-12-01,6569920.0,1779100.0,2022-07-29
ZMB,2022-01-01,3670020.0,-2899900.0,2022-07-29
ZMB,2022-02-01,8611840.0,4941820.0,2022-07-29
ZMB,2022-03-01,9831940.0,1220100.0,2022-07-29
ZWE,2021-05-01,1487000.0,1487000.0,2022-07-29
ZWE,2021-06-01,1987000.0,500000.0,2022-07-29
ZWE,2021-07-01,6487000.0,4500000.0,2022-07-29
ZWE,2021-08-01,9227800.0,2740800.0,2022-07-29
ZWE,2021-09-01,11727800.0,2500000.0,2022-07-29
ZWE,2021-10-01,12671000.0,943200.0,2022-07-29
ZWE,2021-11-01,13171000.0,500000.0,2022-07-29
ZWE,2021-12-01,13171000.0,0.0,2022-07-29
ZWE,2022-01-01,13171000.0,0.0,2022-07-29
