COUNTRY,YEAR,VACCINECODE,INTERVENTION,SCHEDULEROUNDS,TARGETPOP,GEOAREA,AGEADMINISTERED,SUBNATIONAL_TARGET,SOURCECOMMENT,COMMENTORIGINAL,LEG_COMMENT,LEG_CREATEDBY,LEG_MODIFIEDBY,LEG_DATESTAMP
BRB,2024,COVID19,,1,HW,NATIONAL,,-9999.000000000,Health and care workers,,,,,
BRB,2024,COVID19,,1,PW,NATIONAL,,-9999.000000000,Pregnant women,,,,,
BRB,2024,COVID19,,1,ADULTS,NATIONAL,,-9999.000000000,"All adults, all older adults",,,,,
BRB,2024,COVID19,,1,RISKGROUPS,NATIONAL,,-9999.000000000,"Children and adolescents with chronic conditions, adults with chronic conditions, older adults with chronic conditions, other groups",,,,,
BRB,2024,COVID19,,1,,NATIONAL,,-9999.000000000,All children and adolescents,,,,,
KNA,2024,COVID19,,1,RISKGROUPS,NATIONAL,,-9999.000000000,Older adults with chronic conditions,,,,,
KNA,2024,COVID19,,1,PW,NATIONAL,,-9999.000000000,Pregnant women,,,,,
KNA,2024,COVID19,,1,ADULTS,NATIONAL,,-9999.000000000,"All adults, all older adults",,,,,
MLT,2024,COVID19,,1,ADULTS,NATIONAL,,-9999.000000000,"All adults, all older adults",,,,,
MLT,2024,COVID19,,1,RISKGROUPS,NATIONAL,,-9999.000000000,"Children and adolescents with chronic condition, adults with chronic conditions, older adults with chronic conditions, other groups",,,,,
MLT,2024,COVID19,,1,HW,NATIONAL,,-9999.000000000,Health and care workers,,,,,
MLT,2024,COVID19,,1,PW,NATIONAL,,-9999.000000000,Pregnant women,,,,,
MLT,2024,COVID19,,1,,NATIONAL,,-9999.000000000,All children and adolescents,,,,,
MCO,2024,COVID19,,1,PW,NATIONAL,,-9999.000000000,Pregnant women,,,,,
MCO,2024,COVID19,,1,ADULTS,NATIONAL,,-9999.000000000,All older adults,,,,,
MCO,2024,COVID19,,1,RISKGROUPS,NATIONAL,,-9999.000000000,"Adults with chronic conditions, older adults with chronic conditions",,,,,
PLW,2024,COVID19,,1,,NATIONAL,,-9999.000000000,All children and adolescents,,,,,
NIC,2024,COVID19,,1,RISKGROUPS,NATIONAL,,-9999.000000000,"Children and adolescents with chronic conditions, adults with chronic conditions, older adults with chronic conditions",,,,,
NIC,2024,COVID19,,1,,NATIONAL,,-9999.000000000,All children and adolescents,,,,,
NIC,2024,COVID19,,1,HW,NATIONAL,,-9999.000000000,Health and care workers,,,,,
NIC,2024,COVID19,,1,ADULTS,NATIONAL,,-9999.000000000,"All adults, all older adults",,,,,
SMR,2024,COVID19,,1,RISKGROUPS,NATIONAL,,-9999.000000000,Older adults with chronic conditions,,,,,
UKR,2024,COVID19,,1,ADULTS,NATIONAL,,-9999.000000000,"All adults, all older adults",,,,,
UKR,2024,COVID19,,1,PW,NATIONAL,,-9999.000000000,Pregnant women,,,,,
UKR,2024,COVID19,,1,HW,NATIONAL,,-9999.000000000,Health and care workers,,,,,
UKR,2024,COVID19,,1,,NATIONAL,,-9999.000000000,All children and adolescents,,,,,
UKR,2024,COVID19,,1,RISKGROUPS,NATIONAL,,-9999.000000000,"Children and adolescents with chronic conditions, adults with chronic conditions, older adults with chronic conditions",,,,,
CYM,2024,COVID19,,1,ADULTS,NATIONAL,,-9999.000000000,"All adults, all older adults",,,,,
CYM,2024,COVID19,,1,RISKGROUPS,NATIONAL,,-9999.000000000,"Children and adolescents with chronic conditions, adults with chronic conditions, older adults with chronic conditions",,,,,
CYM,2024,COVID19,,1,PW,NATIONAL,,-9999.000000000,Pregnant women,,,,,
CYM,2024,COVID19,,1,HW,NATIONAL,,-9999.000000000,Health and care workers,,,,,
SDN,2024,COVID19,,1,PW,NATIONAL,,-9999.000000000,Pregnant women,,,,,
SDN,2024,COVID19,,1,HW,NATIONAL,,-9999.000000000,Health and care workers,,,,,
SDN,2024,COVID19,,1,RISKGROUPS,NATIONAL,,-9999.000000000,"Adults with chronic conditions, older adults with chronic conditions",,,,,
SDN,2024,COVID19,,1,ADULTS,NATIONAL,,-9999.000000000,"All adults, all older adults",,,,,
SYR,2024,COVID19,,1,PW,NATIONAL,,-9999.000000000,Pregnant women,,,,,
SYR,2024,COVID19,,1,HW,NATIONAL,,-9999.000000000,Health and care workers,,,,,
SYR,2024,COVID19,,1,ADULTS,NATIONAL,,-9999.000000000,"All adults, all older adults",,,,,
SYR,2024,COVID19,,1,RISKGROUPS,NATIONAL,,-9999.000000000,"Adults with chronic conditions, older adults with chronic conditions",,,,,
MDG,2024,COVID19,,1,PW,NATIONAL,,-9999.000000000,Pregnant women,,,,,
MDG,2024,COVID19,,1,HW,NATIONAL,,-9999.000000000,Health and care workers,,,,,
MDG,2024,COVID19,,1,ADULTS,NATIONAL,,-9999.000000000,"All adults, all older adults",,,,,
MDG,2024,COVID19,,1,RISKGROUPS,NATIONAL,,-9999.000000000,"Adults with chronic conditions, older adults with chronic conditions, other groups",,,,,
LTU,2024,COVID19,,1,ADULTS,NATIONAL,,-9999.000000000,"All adults, all older adults",,,,,
LTU,2024,COVID19,,1,PW,NATIONAL,,-9999.000000000,Pregnant women,,,,,
LTU,2024,COVID19,,1,RISKGROUPS,NATIONAL,,-9999.000000000,"Children and adolescents with chronic conditions, adults with chronic conditions, older adults with chronic conditions",,,,,
LTU,2024,COVID19,,1,HW,NATIONAL,,-9999.000000000,Health and care workers,,,,,
LTU,2024,COVID19,,1,,NATIONAL,,-9999.000000000,All children and adolescents,,,,,
SVK,2024,COVID19,,1,ADULTS,NATIONAL,,-9999.000000000,All older adults,,,,,
SVK,2024,COVID19,,1,RISKGROUPS,NATIONAL,,-9999.000000000,"Adults with chronic conditions, older adults with chronic conditions",,,,,
VGB,2024,COVID19,,1,HW,NATIONAL,,-9999.000000000,Health and care workers,,,,,
VGB,2024,COVID19,,1,PW,NATIONAL,,-9999.000000000,Pregnant women,,,,,
VGB,2024,COVID19,,1,ADULTS,NATIONAL,,-9999.000000000,All adults,,,,,
VGB,2024,COVID19,,1,RISKGROUPS,NATIONAL,,-9999.000000000,"Adults with chronic conditions, older adults with chronic conditions",,,,,
SLV,2024,COVID19,,1,ADULTS,NATIONAL,,-9999.000000000,"All adults, all older adults",,,,,
SLV,2024,COVID19,,1,PW,NATIONAL,,-9999.000000000,Pregnant women,,,,,
SLV,2024,COVID19,,1,RISKGROUPS,NATIONAL,,-9999.000000000,"Children and adolescents with chronic conditions, adults with chronic conditions, older adults with chronic conditions",,,,,
SLV,2024,COVID19,,1,HW,NATIONAL,,-9999.000000000,Health and care workers,,,,,
SLV,2024,COVID19,,1,,NATIONAL,,-9999.000000000,All children and adolescents,,,,,
CZE,2024,COVID19,,1,ADULTS,NATIONAL,,-9999.000000000,"All adults, all older adults",,,,,
CZE,2024,COVID19,,1,RISKGROUPS,NATIONAL,,-9999.000000000,"Children and adolescents with chronic conditions, adults with chronic conditions, older adults with chronic conditions",,,,,
CZE,2024,COVID19,,1,PW,NATIONAL,,-9999.000000000,Pregnant women,,,,,
CZE,2024,COVID19,,1,HW,NATIONAL,,-9999.000000000,Health and care workers,,,,,
CZE,2024,COVID19,,1,,NATIONAL,,-9999.000000000,All children and adolescents,,,,,
RUS,2024,COVID19,,1,ADULTS,NATIONAL,,-9999.000000000,"All adults, all older adults",,,,,
RUS,2024,COVID19,,1,RISKGROUPS,NATIONAL,,-9999.000000000,"Adults with chronic conditions, older adults with chronic conditions",,,,,
BTN,2024,COVID19,,1,RISKGROUPS,NATIONAL,,-9999.000000000,"Children and adolescents with chronic conditions, adults with chronic conditions, older adults with chronic conditions",,,,,
BTN,2024,COVID19,,1,ADULTS,NATIONAL,,-9999.000000000,"All adults, all older adults",,,,,
BTN,2024,COVID19,,1,PW,NATIONAL,,-9999.000000000,Pregnant women,,,,,
BTN,2024,COVID19,,1,HW,NATIONAL,,-9999.000000000,Health and care workers,,,,,
CIV,2024,COVID19,,1,PW,NATIONAL,,-9999.000000000,Pregnant women,,,,,
CIV,2024,COVID19,,1,HW,NATIONAL,,-9999.000000000,Health and care workers,,,,,
CIV,2024,COVID19,,1,RISKGROUPS,NATIONAL,,-9999.000000000,"Children and adolescents with chronic conditions, adults with chronic conditions, older adults with chronic conditions",,,,,
CIV,2024,COVID19,,1,ADULTS,NATIONAL,,-9999.000000000,"All adults, all older adults",,,,,
CIV,2024,COVID19,,1,,NATIONAL,,-9999.000000000,All children and adolescents,,,,,
SAU,2024,COVID19,,1,ADULTS,NATIONAL,,-9999.000000000,All older adults,,,,,
SAU,2024,COVID19,,1,PW,NATIONAL,,-9999.000000000,Pregnant women,,,,,
SAU,2024,COVID19,,1,RISKGROUPS,NATIONAL,,-9999.000000000,"Adults with chronic conditions, older adults with chronic conditions, other groups",,,,,
SAU,2024,COVID19,,1,HW,NATIONAL,,-9999.000000000,Health and care workers,,,,,
HKG,2024,COVID19,,1,RISKGROUPS,NATIONAL,,,"Children and adolescents with chronic conditions, adults with chronic conditions, older adults with chronic conditions, other groups",,Updated eJRF 2024 received 2/Jun/2025.,,,
HKG,2024,COVID19,,1,PW,NATIONAL,,,Pregnant women,,,,,
HKG,2024,COVID19,,1,ADULTS,NATIONAL,,,"All adults, all older adults",,,,,
HKG,2024,COVID19,,1,HW,NATIONAL,,,Health and care workers,,,,,
HKG,2024,COVID19,,1,,NATIONAL,,-9999.000000000,All children and adolescents,,,,,
DNK,2024,COVID19,,1,ADULTS,NATIONAL,,-9999.000000000,All older adults,,,,,
DNK,2024,COVID19,,1,PW,NATIONAL,,-9999.000000000,Pregnant women,,,,,
DNK,2024,COVID19,,1,RISKGROUPS,NATIONAL,,-9999.000000000,"Children and adolescents with chronic conditions, adults with chronic conditions, older adults with chronic conditions, other groups",,,,,
IRQ,2024,COVID19,,1,ADULTS,NATIONAL,,-9999.000000000,"All adults, all older adults",,,,,
IRQ,2024,COVID19,,1,PW,NATIONAL,,-9999.000000000,Pregnant women,,,,,
IRQ,2024,COVID19,,1,RISKGROUPS,NATIONAL,,-9999.000000000,"Adults with chronic conditions, older adults with chronic conditions",,,,,
IRQ,2024,COVID19,,1,HW,NATIONAL,,-9999.000000000,Health and care workers,,,,,
DMA,2024,COVID19,,1,PW,NATIONAL,,-9999.000000000,Pregnant women,,,,,
DMA,2024,COVID19,,1,ADULTS,NATIONAL,,-9999.000000000,"All adults, all older adults",,,,,
DMA,2024,COVID19,,1,RISKGROUPS,NATIONAL,,-9999.000000000,"Children with chronic conditions, adults with chronic conditions, older adults with chronic conditions",,,,,
DMA,2024,COVID19,,1,HW,NATIONAL,,-9999.000000000,Health and care workers,,,,,
DMA,2024,COVID19,,1,,NATIONAL,,-9999.000000000,All children and adolescents,,,,,
SSD,2024,COVID19,,1,PW,NATIONAL,,-9999.000000000,Pregnant women,,,,,
SSD,2024,COVID19,,1,HW,NATIONAL,,-9999.000000000,Health and care workers,,,,,
SSD,2024,COVID19,,1,RISKGROUPS,NATIONAL,,-9999.000000000,"Adults with chronic conditions, older adults with chronic conditions",,,,,
SSD,2024,COVID19,,1,ADULTS,NATIONAL,,-9999.000000000,"All adults, all older adults",,,,,
PAK,2024,COVID19,,1,ADULTS,NATIONAL,,-9999.000000000,"All adults, all older adults",,Updated eJRF 2024 received 12/Jun/2025,,,
ISL,2024,COVID19,,1,PW,NATIONAL,,-9999.000000000,Pregnant women,,,,,
ISL,2024,COVID19,,1,ADULTS,NATIONAL,,-9999.000000000,All older adults,,,,,
ISL,2024,COVID19,,1,RISKGROUPS,NATIONAL,,-9999.000000000,"Children and adolescents with chronic conditions, adults with chronic conditions, older adults with chronic conditions",,,,,
ISL,2024,COVID19,,1,HW,NATIONAL,,-9999.000000000,Health and care workers,,,,,
ESP,2024,COVID19,,1,ADULTS,NATIONAL,,-9999.000000000,"All adults, all older adults",,,,,
ESP,2024,COVID19,,1,PW,NATIONAL,,-9999.000000000,Pregnant women,,,,,
ESP,2024,COVID19,,1,RISKGROUPS,NATIONAL,,-9999.000000000,"Children and adolescents with chronic conditions, adults with chronic conditions, older adults with chronic conditions",,,,,
ESP,2024,COVID19,,1,HW,NATIONAL,,-9999.000000000,Health and care workers,,,,,
BHR,2024,COVID19,,1,ADULTS,NATIONAL,,-9999.000000000,"All adults, all older adults",,,,,
BHR,2024,COVID19,,1,RISKGROUPS,NATIONAL,,-9999.000000000,"Children and adolescents with chronic conditions, adults with chronic conditions, older adults with chronic conditions",,,,,
BHR,2024,COVID19,,1,PW,NATIONAL,,-9999.000000000,Pregnant women,,,,,
BHR,2024,COVID19,,1,HW,NATIONAL,,-9999.000000000,Health and care workers,,,,,
BHR,2024,COVID19,,1,,NATIONAL,,-9999.000000000,All children and adolescents,,,,,
AGO,2024,COVID19,,1,PW,NATIONAL,,-9999.000000000,Pregnant women,,,,,
AGO,2024,COVID19,,1,HW,NATIONAL,,-9999.000000000,Health and care workers,,,,,
AGO,2024,COVID19,,1,ADULTS,NATIONAL,,-9999.000000000,"All adults, all older adults",,,,,
AGO,2024,COVID19,,1,RISKGROUPS,NATIONAL,,-9999.000000000,"Children and adolescents with chronic conditions, adults with chronic conditions, older adults with chronic conditions",,,,,
AGO,2024,COVID19,,1,,NATIONAL,,-9999.000000000,All children and adolescents,,,,,
TCD,2024,COVID19,,1,ADULTS,NATIONAL,,-9999.000000000,All older adults,,,,,
TCD,2024,COVID19,,1,RISKGROUPS,NATIONAL,,-9999.000000000,"Adults with chronic conditions, older adults with chronic conditions",,,,,
TCD,2024,COVID19,,1,HW,NATIONAL,,-9999.000000000,Health and care workers,,,,,
MMR,2024,COVID19,,1,ADULTS,NATIONAL,,-9999.000000000,"All adults, all older adults",,,,,
MMR,2024,COVID19,,1,PW,NATIONAL,,-9999.000000000,Pregnant women,,,,,
CMR,2024,COVID19,,1,PW,NATIONAL,,-9999.000000000,Pregnant women,,,,,
CMR,2024,COVID19,,1,HW,NATIONAL,,-9999.000000000,Health and care workers,,,,,
CMR,2024,COVID19,,1,ADULTS,NATIONAL,,-9999.000000000,"All adults, all older adults",,,,,
CMR,2024,COVID19,,1,RISKGROUPS,NATIONAL,,-9999.000000000,"Adults with chronic conditions, older adults with chronic conditions",,,,,
COG,2024,COVID19,,1,PW,NATIONAL,,-9999.000000000,Pregnant women,,,,,
COG,2024,COVID19,,1,HW,NATIONAL,,-9999.000000000,Health and care workers,,,,,
COG,2024,COVID19,,1,ADULTS,NATIONAL,,-9999.000000000,"All adults, all older adults",,,,,
COG,2024,COVID19,,1,RISKGROUPS,NATIONAL,,-9999.000000000,"Children and adolescents with chronic conditions, adults with chronic conditions, older adults with chronic conditions",,,,,
COG,2024,COVID19,,1,,NATIONAL,,-9999.000000000,All children and adolescents,,,,,
BGD,2024,COVID19,,1,PW,NATIONAL,,-9999.000000000,Pregnant women,,,,,
BGD,2024,COVID19,,1,HW,NATIONAL,,-9999.000000000,Health and care workers,,,,,
BGD,2024,COVID19,,1,ADULTS,NATIONAL,,-9999.000000000,"All adults, all older adults",,,,,
BGD,2024,COVID19,,1,RISKGROUPS,NATIONAL,,-9999.000000000,"Adults with chronic conditions, older adults with chronic conditions",,,,,
HTI,2024,COVID19,,1,PW,NATIONAL,,-9999.000000000,Pregnant women,,,,,
HTI,2024,COVID19,,1,HW,NATIONAL,,-9999.000000000,Health and care workers,,,,,
HTI,2024,COVID19,,4,RISKGROUPS,NATIONAL,,-9999.000000000,"Children and adolescents with chronic conditions, adults with chronic conditions, older adults with chronic conditions",,,,,
HTI,2024,COVID19,,5,ADULTS,NATIONAL,,-9999.000000000,"All adults, all older adults",,,,,
SVN,2024,COVID19,,1,ADULTS,NATIONAL,,-9999.000000000,All older adults,,,,,
SVN,2024,COVID19,,1,RISKGROUPS,NATIONAL,,-9999.000000000,"Children and adolescents with chronic conditions, adults with chronic conditions, older adults with chronic conditions, other groups",,Updated eJRF 2024 received 19/May/2025.,,,
IDN,2024,COVID19,,1,PW,NATIONAL,,-9999.000000000,Pregnant women,,,,,
IDN,2024,COVID19,,1,HW,NATIONAL,,-9999.000000000,Health and care workers,,,,,
IDN,2024,COVID19,,1,ADULTS,NATIONAL,,-9999.000000000,All older adults,,,,,
IDN,2024,COVID19,,1,RISKGROUPS,NATIONAL,,-9999.000000000,"Children and adolescents with chronic conditions, adults with chronic conditions, older adults with chronic conditions",,,,,
GTM,2024,COVID19,,1,PW,NATIONAL,,-9999.000000000,Pregnant women,,,,,
GTM,2024,COVID19,,1,RISKGROUPS,NATIONAL,,-9999.000000000,"Children and adolescents with chronic conditions, adults with chronic conditions, older adults with chronic conditions, other groups",,,,,
GTM,2024,COVID19,,1,HW,NATIONAL,,-9999.000000000,Health and care workers,,,,,
GTM,2024,COVID19,,1,,NATIONAL,,-9999.000000000,All children and adolescents,,,,,
MNE,2024,COVID19,,1,ADULTS,NATIONAL,,-9999.000000000,All older adults,,,,,
MNE,2024,COVID19,,1,PW,NATIONAL,,-9999.000000000,Pregnant women,,,,,
MNE,2024,COVID19,,1,RISKGROUPS,NATIONAL,,-9999.000000000,"Adults with chronic conditions, older adults with chronic conditions, other groups",,,,,
MNE,2024,COVID19,,1,HW,NATIONAL,,-9999.000000000,Health and care workers,,,,,
NOR,2024,COVID19,,1,RISKGROUPS,NATIONAL,,-9999.000000000,"Children and adolescents with chronic conditions, adults with chronic conditions, older adults with chronic conditions",,,,,
NOR,2024,COVID19,,1,ADULTS,NATIONAL,,-9999.000000000,All older adults,,,,,
NOR,2024,COVID19,,1,PW,NATIONAL,,-9999.000000000,Pregnant women,,,,,
NOR,2024,COVID19,,1,HW,NATIONAL,,-9999.000000000,Health and care workers,,,,,
GNB,2024,COVID19,,1,ADULTS,NATIONAL,,-9999.000000000,All older adults,,,,,
ALB,2024,COVID19,,1,RISKGROUPS,NATIONAL,,-9999.000000000,"Adults with chronic conditions, older adults with chronic conditions",,,,,
ALB,2024,COVID19,,1,PW,NATIONAL,,-9999.000000000,Pregnant women,,,,,
ALB,2024,COVID19,,1,ADULTS,NATIONAL,,-9999.000000000,"All adults, all older adults",,,,,
ALB,2024,COVID19,,1,HW,NATIONAL,,-9999.000000000,Health and care workers,,,,,
NLD,2024,COVID19,,1,RISKGROUPS,NATIONAL,,-9999.000000000,"Children and adolescents with chronic conditions, adults with chronic conditions, older adults with chronic conditions, other groups",,,,,
NLD,2024,COVID19,,1,ADULTS,NATIONAL,,-9999.000000000,All older adults,,,,,
NLD,2024,COVID19,,1,HW,NATIONAL,,-9999.000000000,Health and care workers,,,,,
MDA,2024,COVID19,,1,RISKGROUPS,NATIONAL,,-9999.000000000,"Children and adolescents with chronic conditions, adults with chronic conditions, older adults with chronic conditions",,,,,
MDA,2024,COVID19,,1,PW,NATIONAL,,-9999.000000000,Pregnant women,,,,,
MDA,2024,COVID19,,1,HW,NATIONAL,,-9999.000000000,Health and care workers,,,,,
MDA,2024,COVID19,,1,ADULTS,NATIONAL,,-9999.000000000,"All adults, all older adults",,,,,
MDA,2024,COVID19,,1,,NATIONAL,,-9999.000000000,All children and adolescents,,,,,
TLS,2024,COVID19,,1,PW,NATIONAL,,-9999.000000000,Pregnant women,,,,,
TLS,2024,COVID19,,1,HW,NATIONAL,,-9999.000000000,Health and care workers,,,,,
TLS,2024,COVID19,,1,ADULTS,NATIONAL,,-9999.000000000,"All adults, all older adults",,,,,
TLS,2024,COVID19,,1,RISKGROUPS,NATIONAL,,-9999.000000000,"Children and adolescents with chronic conditions, adults with chronic conditions, older adults with chronic conditions, other groups",,Updated eJRF 2024 received 9/Jun/2025.,,,
TLS,2024,COVID19,,1,,NATIONAL,,-9999.000000000,All children and adolescents,,,,,
SRB,2024,COVID19,,1,ADULTS,NATIONAL,,-9999.000000000,All older adults,,,,,
SRB,2024,COVID19,,1,RISKGROUPS,NATIONAL,,-9999.000000000,"Adults with chronic conditions, older adults with chronic conditions",,,,,
SRB,2024,COVID19,,1,HW,NATIONAL,,-9999.000000000,Health and care workers,,,,,
BEL,2024,COVID19,,1,PW,NATIONAL,,-9999.000000000,Pregnant women,,,,,
BEL,2024,COVID19,,1,ADULTS,NATIONAL,,-9999.000000000,All older adults,,,,,
BEL,2024,COVID19,,1,RISKGROUPS,NATIONAL,,-9999.000000000,"Children and adolescents with chronic conditions, adults with chronic conditions, older adults with chronic conditions, other groups",,,,,
BEL,2024,COVID19,,1,HW,NATIONAL,,-9999.000000000,Health and care workers,,,,,
STP,2024,COVID19,,1,PW,NATIONAL,,-9999.000000000,Pregnant women,,,,,
STP,2024,COVID19,,1,HW,NATIONAL,,-9999.000000000,Health and care workers,,,,,
STP,2024,COVID19,,1,ADULTS,NATIONAL,,-9999.000000000,"All adults, all older adults",,,,,
STP,2024,COVID19,,1,RISKGROUPS,NATIONAL,,-9999.000000000,"Children and adolescents with chronic conditions, adults with chronic conditions, older adults with chronic conditions, other groups",,,,,
STP,2024,COVID19,,1,,NATIONAL,,-9999.000000000,All children and adolescents,,,,,
ZMB,2024,COVID19,,1,PW,NATIONAL,,-9999.000000000,Pregnant women,,,,,
ZMB,2024,COVID19,,1,HW,NATIONAL,,-9999.000000000,Health and care workers,,,,,
ZMB,2024,COVID19,,1,ADULTS,NATIONAL,,-9999.000000000,"All adults, all older adults",,,,,
ZMB,2024,COVID19,,1,RISKGROUPS,NATIONAL,,-9999.000000000,"Children and adolescents with chronic conditions, adults with chronic conditions, older adults with chronic conditions",,,,,
ZMB,2024,COVID19,,1,,NATIONAL,,-9999.000000000,All children and adolescents,,,,,
YEM,2024,COVID19,,1,PW,NATIONAL,,-9999.000000000,Pregnant women,,,,,
YEM,2024,COVID19,,1,HW,NATIONAL,,-9999.000000000,Health and care workers,,,,,
YEM,2024,COVID19,,1,ADULTS,NATIONAL,,-9999.000000000,"All adults, all older adults",,,,,
YEM,2024,COVID19,,1,RISKGROUPS,NATIONAL,,-9999.000000000,"Adults with chronic conditions, older adults with chronic conditions",,,,,
EGY,2024,COVID19,,1,ADULTS,NATIONAL,,-9999.000000000,"All adults, all older adults",,,,,
EGY,2024,COVID19,,1,PW,NATIONAL,,-9999.000000000,pregnant women,,,,,
EGY,2024,COVID19,,1,RISKGROUPS,NATIONAL,,-9999.000000000,"Children and adolescents with chronic conditions, adults with chronic conditions, older adults with chronic conditions",,,,,
EGY,2024,COVID19,,1,HW,NATIONAL,,-9999.000000000,Health and care workers,,,,,
EGY,2024,COVID19,,1,,NATIONAL,,-9999.000000000,All children and adolescents,,,,,
MDV,2024,COVID19,,1,,NATIONAL,,-9999.000000000,All children and adolescents,,,,,
MDV,2024,COVID19,,1,ADULTS,NATIONAL,,-9999.000000000,"All adults, all older persons",,,,,
SWE,2024,COVID19,,1,ADULTS,NATIONAL,,-9999.000000000,All older adults,,,,,
SWE,2024,COVID19,,1,PW,NATIONAL,,-9999.000000000,Pregnant women,,,,,
SWE,2024,COVID19,,1,RISKGROUPS,NATIONAL,,-9999.000000000,Adults with chronic conditions,,,,,
BWA,2024,COVID19,,1,PW,NATIONAL,,-9999.000000000,Pregnant women,,,,,
BWA,2024,COVID19,,1,HW,NATIONAL,,-9999.000000000,Health and care workers,,,,,
BWA,2024,COVID19,,1,ADULTS,NATIONAL,,-9999.000000000,"All adults, all older adults",,,,,
BWA,2024,COVID19,,1,RISKGROUPS,NATIONAL,,-9999.000000000,"Children and adolescents with chronic conditions, adults with chronic conditions, older adults with chronic conditions, other groups",,,,,
BWA,2024,COVID19,,1,,NATIONAL,,-9999.000000000,All children and adolescents,,,,,
NER,2024,COVID19,,1,HW,NATIONAL,,-9999.000000000,Health and care workers,,,,,
NER,2024,COVID19,,1,ADULTS,NATIONAL,,-9999.000000000,"All adults, all older adults",,,,,
NER,2024,COVID19,,1,RISKGROUPS,NATIONAL,,-9999.000000000,"Adults with chronic conditions, older adults with chronic conditions",,,,,
GMB,2024,COVID19,,1,ADULTS,NATIONAL,,-9999.000000000,"All adults, older adults",,Updated eJRF 2024 received 19/Jun/2025,,,
UGA,2024,COVID19,,1,PW,NATIONAL,,-9999.000000000,Pregnant women,,,,,
UGA,2024,COVID19,,1,HW,NATIONAL,,-9999.000000000,Health and care workers,,,,,
UGA,2024,COVID19,,1,ADULTS,NATIONAL,,-9999.000000000,"All adults, all older adults",,,,,
UGA,2024,COVID19,,1,RISKGROUPS,NATIONAL,,-9999.000000000,"Adults with chronic conditions, older adults with chronic conditions, other groups",,Updated eJRF 2024 received 25/Jun/2025,,,
UGA,2024,COVID19,,1,,NATIONAL,,-9999.000000000,All children and adolescents,,,,,
NGA,2024,COVID19,,1,PW,NATIONAL,,-9999.000000000,Pregnant women,,,,,
NGA,2024,COVID19,,1,HW,NATIONAL,,-9999.000000000,Health and care workers,,,,,
NGA,2024,COVID19,,1,ADULTS,NATIONAL,,-9999.000000000,"All adults, all older adults",,,,,
NGA,2024,COVID19,,1,RISKGROUPS,NATIONAL,,-9999.000000000,"Adults with chronic conditions, older adults with chronic conditions, other groups",,,,,
GHA,2024,COVID19,,1,PW,NATIONAL,,-9999.000000000,Pregnant women,,,,,
GHA,2024,COVID19,,1,HW,NATIONAL,,-9999.000000000,Health and care workers,,,,,
GHA,2024,COVID19,,1,ADULTS,NATIONAL,,-9999.000000000,"All adults, all older adults",,,,,
GHA,2024,COVID19,,1,RISKGROUPS,NATIONAL,,-9999.000000000,"Children and adolescents with chronic conditions, adults with chronic conditions, older adults with chronic conditions",,,,,
GIN,2024,COVID19,,1,HW,NATIONAL,,-9999.000000000,Health and care workers,,,,,
GIN,2024,COVID19,,1,ADULTS,NATIONAL,,-9999.000000000,"All adults, all older adults",,,,,
GIN,2024,COVID19,,1,RISKGROUPS,NATIONAL,,-9999.000000000,"Children and adolescents with chronic conditions, adults with chronic conditions, older adults with chronic conditions, other groups",,,,,
GIN,2024,COVID19,,1,,NATIONAL,,-9999.000000000,All children and adolescents,,,,,
AUT,2024,COVID19,,1,ADULTS,NATIONAL,,-9999.000000000,"All adults, all older adults",,,,,
AUT,2024,COVID19,,1,PW,NATIONAL,,-9999.000000000,Pregnant women,,,,,
AUT,2024,COVID19,,1,RISKGROUPS,NATIONAL,,-9999.000000000,"Children and adolescents with chronic conditions, adults with chronic conditions, older adults with chronic conditions",,,,,
AUT,2024,COVID19,,1,HW,NATIONAL,,-9999.000000000,Health and care workers,,,,,
AUT,2024,COVID19,,1,,NATIONAL,,-9999.000000000,All children and adolescents,,,,,
SWZ,2024,COVID19,,1,PW,NATIONAL,,-9999.000000000,Pregnant women,,,,,
SWZ,2024,COVID19,,1,HW,NATIONAL,,-9999.000000000,Health and care workers,,,,,
SWZ,2024,COVID19,,1,ADULTS,NATIONAL,,-9999.000000000,"All adults, all older adults",,,,,
SWZ,2024,COVID19,,1,RISKGROUPS,NATIONAL,,-9999.000000000,"Children and adolescents with chronic conditions, adults with chronic conditions, older adults with chronic conditions, other groups",,,,,
SWZ,2024,COVID19,,1,,NATIONAL,,-9999.000000000,All children and adolescents,,,,,
SEN,2024,COVID19,,1,PW,NATIONAL,,-9999.000000000,Pregnant women,,,,,
SEN,2024,COVID19,,1,HW,NATIONAL,,-9999.000000000,Health and care workers,,,,,
SEN,2024,COVID19,,1,ADULTS,NATIONAL,,-9999.000000000,"All adults, all older adults",,,,,
SEN,2024,COVID19,,1,RISKGROUPS,NATIONAL,,-9999.000000000,"Children and adolescents with chronic conditions, adutls with chronic conditions, older adults with chronic conditions",,,,,
TGO,2024,COVID19,,1,PW,NATIONAL,,-9999.000000000,Pregnant women,,,,,
TGO,2024,COVID19,,1,HW,NATIONAL,,-9999.000000000,Health and care workers,,,,,
TGO,2024,COVID19,,1,ADULTS,NATIONAL,,-9999.000000000,"All adults, all older adults",,,,,
TGO,2024,COVID19,,1,RISKGROUPS,NATIONAL,,-9999.000000000,"Adults with chronic conditions, older adults with chronic conditions, other groups",,,,,
BEN,2024,COVID19,,1,HW,NATIONAL,,-9999.000000000,Health and care workers,,,,,
BEN,2024,COVID19,,1,ADULTS,NATIONAL,,-9999.000000000,"All adults, all older olders",,,,,
BEN,2024,COVID19,,1,RISKGROUPS,NATIONAL,,-9999.000000000,"Children and adolescents with chronic conditions, adults with chronic conditions, older adults with chronic conditions",,,,,
BEN,2024,COVID19,,1,,NATIONAL,,-9999.000000000,All children and adolescents,,,,,
LBR,2024,COVID19,,1,ADULTS,NATIONAL,,-9999.000000000,All older adults,,,,,
KOR,2024,COVID19,,1,ADULTS,NATIONAL,,-9999.000000000,All older adults,,,,,
KOR,2024,COVID19,,1,RISKGROUPS,NATIONAL,,-9999.000000000,"Children and adolescents with chronic conditions, adults with chronic conditions, older adults with chronic conditions, other groups",,Updated eJRF 2024 received 11/Jun/2025,,,
BGR,2024,COVID19,,1,PW,NATIONAL,,-9999.000000000,Pregnant women,,,,,
BGR,2024,COVID19,,1,ADULTS,NATIONAL,,-9999.000000000,"All adults, all older adults",,,,,
BGR,2024,COVID19,,1,RISKGROUPS,NATIONAL,,-9999.000000000,"Children and adolescents with chronic conditions, adults with chronic conditions, older adults with chronic conditions, other groups",,,,,
BGR,2024,COVID19,,1,HW,NATIONAL,,-9999.000000000,Health and care workers,,,,,
BGR,2024,COVID19,,1,,NATIONAL,,-9999.000000000,All children and adolescents,,,,,
CYP,2024,COVID19,,1,ADULTS,NATIONAL,,-9999.000000000,"All adults, all older adults",,,,,
CYP,2024,COVID19,,1,PW,NATIONAL,,-9999.000000000,Pregnant women,,,,,
CYP,2024,COVID19,,1,RISKGROUPS,NATIONAL,,-9999.000000000,"Children and adolescents with chronic conditions, adults with chronic conditions, older adults with chronic conditions",,,,,
CYP,2024,COVID19,,1,HW,NATIONAL,,-9999.000000000,Health and care workers,,,,,
CYP,2024,COVID19,,1,,NATIONAL,,-9999.000000000,All children and adolescents,,,,,
HRV,2024,COVID19,,1,RISKGROUPS,NATIONAL,,-9999.000000000,"Children and adolescents with chronic conditions, adults with chronic conditions, older adults with chronic conditions",,,,,
HRV,2024,COVID19,,1,ADULTS,NATIONAL,,-9999.000000000,All older adults,,,,,
HRV,2024,COVID19,,1,PW,NATIONAL,,-9999.000000000,Pregnant women,,,,,
HRV,2024,COVID19,,1,HW,NATIONAL,,-9999.000000000,Health and care workers,,,,,
LVA,2024,COVID19,,1,ADULTS,NATIONAL,,-9999.000000000,All older adults,,,,,
LVA,2024,COVID19,,1,RISKGROUPS,NATIONAL,,-9999.000000000,"Older adults with chronic conditions, other groups",,Updated eJRF 2024 received 21/Jun/2025,,,
ARM,2024,COVID19,,1,HW,NATIONAL,,-9999.000000000,Health and care workers,,,,,
ARM,2024,COVID19,,1,ADULTS,NATIONAL,,-9999.000000000,"All adults, all older adults",,,,,
ARM,2024,COVID19,,1,RISKGROUPS,NATIONAL,,-9999.000000000,"Adults with chronic conditions, older adults with chronic conditions",,,,,
FIN,2024,COVID19,,1,RISKGROUPS,NATIONAL,,-9999.000000000,"Children and adolescents with chronic conditions, adults with chronic conditions, older adults with chronic conditions, other groups",,,,,
FIN,2024,COVID19,,1,ADULTS,NATIONAL,,-9999.000000000,"All adults, all older adults",,,,,
FIN,2024,COVID19,,1,PW,NATIONAL,,-9999.000000000,Pregnant women,,,,,
FIN,2024,COVID19,,1,HW,NATIONAL,,-9999.000000000,Health and care workers,,,,,
IRL,2024,COVID19,,1,ADULTS,NATIONAL,,-9999.000000000,All older adults,,,,,
IRL,2024,COVID19,,1,PW,NATIONAL,,-9999.000000000,Pregnant women,,,,,
IRL,2024,COVID19,,1,RISKGROUPS,NATIONAL,,-9999.000000000,"Children and adolescents with chronic conditions, adults with chronic conditions, older adults with chronic conditions, other groups",,,,,
IRL,2024,COVID19,,1,HW,NATIONAL,,-9999.000000000,Health and care workers,,,,,
GBR,2024,COVID19,,1,ADULTS,NATIONAL,,-9999.000000000,All older adults,,,,,
GBR,2024,COVID19,,1,RISKGROUPS,NATIONAL,,-9999.000000000,"Children and adolescents with chronic conditions, adults with chronic conditions, older adults with chronic conditions, other groups",,,,,
HND,2024,COVID19,,1,ADULTS,NATIONAL,,-9999.000000000,"All adults, all older adults",,,,,
HND,2024,COVID19,,1,PW,NATIONAL,,-9999.000000000,Pregnant women,,,,,
HND,2024,COVID19,,1,RISKGROUPS,NATIONAL,,-9999.000000000,"Children and adolescents with chronic conditions, adults with chronic conditions, older adults with chronic conditions",,,,,
HND,2024,COVID19,,1,HW,NATIONAL,,-9999.000000000,Health and care workers,,,,,
HND,2024,COVID19,,1,,NATIONAL,,-9999.000000000,All children and adolescents,,,,,
AIA,2024,COVID19,,1,ADULTS,NATIONAL,,-9999.000000000,"All adults, all older adults",,,,,
AIA,2024,COVID19,,1,HW,NATIONAL,,-9999.000000000,Health and care workers,,,,,
AIA,2024,COVID19,,1,RISKGROUPS,NATIONAL,,-9999.000000000,"Children and adolescents with chronic conditions, adults with chronic conditions, older adults with chronic conditions, other groups",,,,,
AIA,2024,COVID19,,1,PW,NATIONAL,,-9999.000000000,Pregnant women,,,,,
AIA,2024,COVID19,,1,,NATIONAL,,-9999.000000000,All children and adolescents,,,,,
MAC,2024,COVID19,,1,PW,NATIONAL,,-9999.000000000,Pregnant women,,,,,
MAC,2024,COVID19,,1,RISKGROUPS,NATIONAL,,-9999.000000000,"Children and adolescents with chronic conditions, adults with chronic conditions, older adults with chronic conditions",,,,,
MAC,2024,COVID19,,1,ADULTS,NATIONAL,,-9999.000000000,"All adults, all older adults",,,,,
MAC,2024,COVID19,,1,HW,NATIONAL,,-9999.000000000,Health and care workers,,,,,
MAC,2024,COVID19,,1,,NATIONAL,,-9999.000000000,All children and adolescents,,,,,
BOL,2024,COVID19,,1,ADULTS,NATIONAL,,-9999.000000000,"All adults, all older adults",,,,,
BOL,2024,COVID19,,1,HW,NATIONAL,,-9999.000000000,Health and care workers,,,,,
BOL,2024,COVID19,,1,PW,NATIONAL,,-9999.000000000,Pregnant women,,,,,
BOL,2024,COVID19,,1,RISKGROUPS,NATIONAL,,-9999.000000000,"Children and adolescents with chronic conditions, adults with chronic conditions, older adults with chronic conditions, other groups",,,,,
BOL,2024,COVID19,,1,,NATIONAL,,-9999.000000000,All children and adolescents,,,,,
NZL,2024,COVID19,,1,ADULTS,NATIONAL,,-9999.000000000,All older adults,,,,,
DEU,2024,COVID19,,1,RISKGROUPS,NATIONAL,,-9999.000000000,"Children and adolescents with chronic conditions, adults with chronic conditions, older adults with chronic conditions",,,,,
DEU,2024,COVID19,,1,HW,NATIONAL,,-9999.000000000,Health and care workers,,,,,
DEU,2024,COVID19,,1,PW,NATIONAL,,-9999.000000000,Pregnant women,,,,,
DEU,2024,COVID19,,1,ADULTS,NATIONAL,,-9999.000000000,"All adults, all older adults",,,,,
MSR,2024,COVID19,,1,RISKGROUPS,NATIONAL,,-9999.000000000,"Children and adolescents with chronic conditions, adults with chronic conditions, older adults with chronic conditions, other groups",,,,,
MSR,2024,COVID19,,1,HW,NATIONAL,,-9999.000000000,Health and care workers,,,,,
MSR,2024,COVID19,,1,ADULTS,NATIONAL,,-9999.000000000,"All adults, all older adults",,,,,
MSR,2024,COVID19,,1,PW,NATIONAL,,-9999.000000000,Pregnant women,,,,,
MSR,2024,COVID19,,1,,NATIONAL,,-9999.000000000,All children and adolescents,,,,,
URY,2024,COVID19,,1,PW,NATIONAL,,-9999.000000000,Pregnant women,,,,,
URY,2024,COVID19,,1,ADULTS,NATIONAL,,-9999.000000000,All older adults,,,,,
URY,2024,COVID19,,1,RISKGROUPS,NATIONAL,,-9999.000000000,"Children and adolescents with chronic conditions, adutls with chronic conditions, older adults with chronic conditions, other groups",,,,,
URY,2024,COVID19,,1,HW,NATIONAL,,-9999.000000000,Health and care workers,,,,,
HUN,2024,COVID19,,1,ADULTS,NATIONAL,,-9999.000000000,All older adults,,,,,
HUN,2024,COVID19,,1,PW,NATIONAL,,-9999.000000000,Pregnant women,,,,,
HUN,2024,COVID19,,1,RISKGROUPS,NATIONAL,,-9999.000000000,"Children and adolescents with chronic conditions, adults with chronic conditions, older adults with chronic conditions",,,,,
HUN,2024,COVID19,,1,HW,NATIONAL,,-9999.000000000,Health and care workers,,,,,
DOM,2024,COVID19,,1,ADULTS,NATIONAL,,-9999.000000000,All adults,,,,,
DOM,2024,COVID19,,1,,NATIONAL,,-9999.000000000,All children and adolescents,,,,,
FJI,2024,COVID19,,1,PW,NATIONAL,,-9999.000000000,Pregnant womens,,,,,
FJI,2024,COVID19,,1,HW,NATIONAL,,-9999.000000000,Health and care workers,,,,,
FJI,2024,COVID19,,1,ADULTS,NATIONAL,,-9999.000000000,"All adults, all older adults",,,,,
FJI,2024,COVID19,,1,RISKGROUPS,NATIONAL,,-9999.000000000,"Children and adolescents with chronic conditions, adults with chronic conditions",,,,,
FJI,2024,COVID19,,1,,NATIONAL,,-9999.000000000,All children and adolescents,,,,,
QAT,2024,COVID19,,1,ADULTS,NATIONAL,,-9999.000000000,All older adults,,,,,
QAT,2024,COVID19,,1,RISKGROUPS,NATIONAL,,-9999.000000000,"Children and adolescents with chronic conditions, adults with chronic conditions, older adults with chronic conditions",,,,,
KWT,2024,COVID19,,1,RISKGROUPS,NATIONAL,,-9999.000000000,"Children and adolescents with chronic conditions, adults with chronic conditions, older adults with chronic conditions, other groups",,,,,
KWT,2024,COVID19,,1,ADULTS,NATIONAL,,-9999.000000000,"All adults, all older adults",,,,,
KWT,2024,COVID19,,1,PW,NATIONAL,,-9999.000000000,Pregnant women,,,,,
KWT,2024,COVID19,,1,HW,NATIONAL,,-9999.000000000,Health and care workers,,,,,
KWT,2024,COVID19,,1,,NATIONAL,,-9999.000000000,All children and adolescents,,,,,
BRA,2024,COVID19,,1,PW,NATIONAL,,-9999.000000000,Pregnant women,,,,,
BRA,2024,COVID19,,1,HW,NATIONAL,,-9999.000000000,Health and care workers,,,,,
BRA,2024,COVID19,,1,RISKGROUPS,NATIONAL,,-9999.000000000,"Children and adolescents with chronic conditions, adults with chronic conditions, older adults with chronic conditions, other groups",,,,,
BRA,2024,COVID19,,1,ADULTS,NATIONAL,,-9999.000000000,"All adults, all older adults",,,,,
CHL,2024,COVID19,,1,ADULTS,NATIONAL,,-9999.000000000,All older adults,,,,,
CHL,2024,COVID19,,1,HW,NATIONAL,,-9999.000000000,Health and care workers,,,,,
CHL,2024,COVID19,,1,RISKGROUPS,NATIONAL,,-9999.000000000,Adults with chronic conditions,,,,,
CHL,2024,COVID19,,1,PW,NATIONAL,,-9999.000000000,Pregnant women,,,,,
PRY,2024,COVID19,,1,ADULTS,NATIONAL,,-9999.000000000,All older adults,,,,,
PRY,2024,COVID19,,1,PW,NATIONAL,,-9999.000000000,Pregnant women,,,,,
PRY,2024,COVID19,,1,RISKGROUPS,NATIONAL,,-9999.000000000,"Children and adolescents with chronic conditions, adults with chronic conditions, older adults with chronic conditions",,,,,
PRY,2024,COVID19,,1,HW,NATIONAL,,-9999.000000000,Health and care workers,,,,,
CRI,2024,COVID19,,1,RISKGROUPS,NATIONAL,,-9999.000000000,"Children and adolescents with chronic conditions, adults with chronic conditions, older with chronic conditions, other groups",,,,,
CRI,2024,COVID19,,1,PW,NATIONAL,,-9999.000000000,Pregnant women,,,,,
CRI,2024,COVID19,,1,ADULTS,NATIONAL,,-9999.000000000,"All adults, all older adults",,,,,
CRI,2024,COVID19,,1,HW,NATIONAL,,-9999.000000000,Health and care workers,,,,,
CRI,2024,COVID19,,1,,NATIONAL,,-9999.000000000,All children and adolescents,,,,,
PER,2024,COVID19,,1,HW,NATIONAL,,-9999.000000000,Health and care workers,,,,,
PER,2024,COVID19,,1,PW,NATIONAL,,-9999.000000000,Prenant women,,,,,
PER,2024,COVID19,,1,ADULTS,NATIONAL,,-9999.000000000,All older adults,,,,,
PER,2024,COVID19,,1,RISKGROUPS,NATIONAL,,-9999.000000000,"Children and adolescents with chronic conditions, adults with chronic conditions, older adults with chronic conditions, other groups",,,,,
SOM,2024,COVID19,,1,PW,NATIONAL,,-9999.000000000,pregnant women,,,,,
SOM,2024,COVID19,,1,ADULTS,NATIONAL,,-9999.000000000,All older adults,,,,,
MWI,2024,COVID19,,1,PW,NATIONAL,,-9999.000000000,Pregnant women,,,,,
MWI,2024,COVID19,,1,HW,NATIONAL,,-9999.000000000,Health and care workers,,,,,
MWI,2024,COVID19,,1,ADULTS,NATIONAL,,-9999.000000000,"All adults, all older adults",,,,,
MWI,2024,COVID19,,1,RISKGROUPS,NATIONAL,,-9999.000000000,"Children and adolescents with chronic conditions, adults with chronic conditions, older adults with chronic conditions",,,,,
PNG,2024,COVID19,,1,HW,NATIONAL,,,Health and care workers,,,,,
PNG,2024,COVID19,,1,ADULTS,NATIONAL,,,"All adults, all older adults",,,,,
PNG,2024,COVID19,,1,RISKGROUPS,NATIONAL,,,"Adults with chronic conditions, older adults with chronic conditions",,,,,
WSM,2024,COVID19,,1,HW,NATIONAL,,-9999.000000000,Health and care workers,,,,,
WSM,2024,COVID19,,1,ADULTS,NATIONAL,,-9999.000000000,"All adults, all older adults",,,,,
WSM,2024,COVID19,,1,RISKGROUPS,NATIONAL,,-9999.000000000,"Children and adolescents with chronic conditions, adults with chronic conditions, older adults with chronic conditions",,,,,
WSM,2024,COVID19,,1,PW,NATIONAL,,-9999.000000000,Pregnant women,,,,,
CHE,2024,COVID19,,1,ADULTS,NATIONAL,,-9999.000000000,All older adults,,,,,
CHE,2024,COVID19,,1,RISKGROUPS,NATIONAL,,-9999.000000000,"Children and adolescents with chronic conditions, adults with chronic conditions, older adults with chronic conditions",,,,,
CHE,2024,COVID19,,1,PW,NATIONAL,,-9999.000000000,Pregnant women,,,,,
LCA,2024,COVID19,,1,ADULTS,NATIONAL,,-9999.000000000,"All adults, all older adults",,,,,
LCA,2024,COVID19,,1,PW,NATIONAL,,-9999.000000000,Pregnant women,,,,,
LCA,2024,COVID19,,1,RISKGROUPS,NATIONAL,,-9999.000000000,"Children and adolescents with chronic conditions, adults with chronic conditions, older adults with chronic conditions",,,,,
LCA,2024,COVID19,,1,HW,NATIONAL,,-9999.000000000,Health and care workers,,,,,
LCA,2024,COVID19,,1,,NATIONAL,,-9999.000000000,All children and adolescents,,,,,
ECU,2024,COVID19,,1,RISKGROUPS,NATIONAL,,-9999.000000000,"Adults with chronic conditions, other groups",,,,,
ECU,2024,COVID19,,1,PW,NATIONAL,,-9999.000000000,Pregnant women,,,,,
ECU,2024,COVID19,,1,ADULTS,NATIONAL,,-9999.000000000,All older adults,,,,,
ECU,2024,COVID19,,1,HW,NATIONAL,,-9999.000000000,Health and care workers,,,,,
ETH,2024,COVID19,,1,PW,NATIONAL,,-9999.000000000,Pregnant women,,,,,
ETH,2024,COVID19,,1,HW,NATIONAL,,-9999.000000000,Health and care workers,,,,,
ETH,2024,COVID19,,1,ADULTS,NATIONAL,,-9999.000000000,"All adults, all older adults",,,,,
ETH,2024,COVID19,,1,RISKGROUPS,NATIONAL,,-9999.000000000,"Children and adolescents with chronic conditions, adults with chronic conditions, older adults with chronic conditions, other groups",,,,,
ETH,2024,COVID19,,1,,NATIONAL,,-9999.000000000,All children and adolescents,,,,,
KEN,2024,COVID19,,1,ADULTS,NATIONAL,,-9999.000000000,"All adults, all older adults",,,,,
KEN,2024,COVID19,,1,,NATIONAL,,-9999.000000000,All children and adolescents,,,,,
KEN,2024,COVID19,,1,RISKGROUPS,NATIONAL,,-9999.000000000,Other groups,,,,,
BLZ,2024,COVID19,,1,PW,NATIONAL,,-9999.000000000,Pregnant women,,,,,
BLZ,2024,COVID19,,1,ADULTS,NATIONAL,,-9999.000000000,"All adults, all older adults",,,,,
BLZ,2024,COVID19,,1,RISKGROUPS,NATIONAL,,-9999.000000000,"Children and adolescents with chronic conditions, adults with chronic conditions, older adults with chronic conditions",,,,,
BLZ,2024,COVID19,,1,HW,NATIONAL,,-9999.000000000,Health and care workers,,,,,
BLZ,2024,COVID19,,1,,NATIONAL,,-9999.000000000,All children and adolescents,,,,,
TCA,2024,COVID19,,1,ADULTS,NATIONAL,,-9999.000000000,"All adults, all older adults",,,,,
TCA,2024,COVID19,,1,RISKGROUPS,NATIONAL,,-9999.000000000,"Children and adolescents with chronic conditions, adults with chronic conditions, older adults with chronic conditions, other groups",,,,,
TCA,2024,COVID19,,1,HW,NATIONAL,,-9999.000000000,Health and care workers,,,,,
TCA,2024,COVID19,,1,PW,NATIONAL,,-9999.000000000,Pregnant women,,,,,
MKD,2024,COVID19,,1,RISKGROUPS,NATIONAL,,-9999.000000000,"Children and adolescents with chronic conditions, adults with chronic conditions, older adults with chronic conditions",,,,,
MKD,2024,COVID19,,1,PW,NATIONAL,,-9999.000000000,Pregnant women,,,,,
MKD,2024,COVID19,,1,HW,NATIONAL,,-9999.000000000,Health and care workers,,,,,
MKD,2024,COVID19,,1,ADULTS,NATIONAL,,-9999.000000000,All older adults,,,,,
COL,2024,COVID19,,1,PW,NATIONAL,,-9999.000000000,Pregnant women,,,,,
COL,2024,COVID19,,1,ADULTS,NATIONAL,,-9999.000000000,All older adults,,,,,
COL,2024,COVID19,,1,RISKGROUPS,NATIONAL,,-9999.000000000,"Children and adolescents with chronic conditions, adults with chronic conditions, older adults with chronic conditions",,,,,
COL,2024,COVID19,,1,HW,NATIONAL,,-9999.000000000,Health and care workers,,,,,
AUS,2024,COVID19,,1,ADULTS,NATIONAL,,-9999.000000000,"All adults, all older adults",,,,,
AUS,2024,COVID19,,1,PW,NATIONAL,,-9999.000000000,Pregnant women,,,,,
AUS,2024,COVID19,,1,HW,NATIONAL,,-9999.000000000,Health and care workers,,,,,
AUS,2024,COVID19,,1,RISKGROUPS,NATIONAL,,-9999.000000000,"Children and adolescents with chronic conditions, adults with chronic conditions, older adults with chronic conditions",,,,,
EST,2024,COVID19,,1,PW,NATIONAL,,-9999.000000000,Pregnant women,,,,,
EST,2024,COVID19,,1,ADULTS,NATIONAL,,-9999.000000000,All older adults,,,,,
EST,2024,COVID19,,1,RISKGROUPS,NATIONAL,,-9999.000000000,"Children with chronic conditions, adults with chronic conditions, older adults with chronic conditions",,,,,
EST,2024,COVID19,,1,HW,NATIONAL,,-9999.000000000,Health and care workers,,,,,
BLR,2024,COVID19,,1,ADULTS,NATIONAL,,-9999.000000000,"All adults, all older adults",,,,,
BLR,2024,COVID19,,1,RISKGROUPS,NATIONAL,,-9999.000000000,"Adults with chronic conditions, other groups",,,,,
AFG,2024,COVID19,,1,HW,NATIONAL,,-9999.000000000,Health and care workers,,Updated eJRF 2024 received 22/May/2025.,,,
AFG,2024,COVID19,,1,ADULTS,NATIONAL,,-9999.000000000,"All adults, all older adults",,Updated eJRF 2024 received 22/May/2025.,,,
AFG,2024,COVID19,,1,RISKGROUPS,NATIONAL,,-9999.000000000,"Adults with chronic conditions, older adults with chronic conditions",,Updated eJRF 2024 received 22/May/2025.,,,
LAO,2024,COVID19,,1,RISKGROUPS,NATIONAL,,-9999.000000000,"Children and adolescents with chronic conditions, adults with chronic conditions, older with chronic conditions",,,,,
LAO,2024,COVID19,,1,ADULTS,NATIONAL,,-9999.000000000,"All adults, all older adults",,,,,
LAO,2024,COVID19,,1,HW,NATIONAL,,-9999.000000000,Health and care workers,,,,,
LAO,2024,COVID19,,1,PW,NATIONAL,,-9999.000000000,Pregnant women,,,,,
LAO,2024,COVID19,,1,,NATIONAL,,-9999.000000000,All children and adolescents,,,,,
MYS,2024,COVID19,,1,ADULTS,NATIONAL,,-9999.000000000,All older adults,,,,,
MYS,2024,COVID19,,1,PW,NATIONAL,,-9999.000000000,Pregnant women,,,,,
MYS,2024,COVID19,,1,RISKGROUPS,NATIONAL,,-9999.000000000,"Children with chronic conditions, adults with chronic conditions, older adults with chronic conditions",,,,,
MYS,2024,COVID19,,1,HW,NATIONAL,,-9999.000000000,Health and care workers,,,,,
NCL,2024,COVID19,,1,HW,NATIONAL,,-9999.000000000,Health and care workers,,,,,
NCL,2024,COVID19,,1,PW,NATIONAL,,-9999.000000000,Pregnant women,,,,,
NCL,2024,COVID19,,1,ADULTS,NATIONAL,,-9999.000000000,"All adults, all older adults",,,,,
NCL,2024,COVID19,,1,RISKGROUPS,NATIONAL,,-9999.000000000,"Children and adolescents with chronic conditions, adults with chronic conditions, older adults with chronic conditions",,,,,
COM,2024,COVID19,,1,PW,NATIONAL,,-9999.000000000,Pregnant women,,,,,
COM,2024,COVID19,,1,HW,NATIONAL,,-9999.000000000,Health and care workers,,,,,
COM,2024,COVID19,,1,ADULTS,NATIONAL,,-9999.000000000,"All adults, all older adults",,,,,
COM,2024,COVID19,,1,RISKGROUPS,NATIONAL,,-9999.000000000,"Children and adolescents with chronic conditions, adults with chronic conditions, older adults with chronic conditions",,,,,
COM,2024,COVID19,,1,,NATIONAL,,-9999.000000000,All children and adolescents,,,,,
BRN,2024,COVID19,,1,RISKGROUPS,NATIONAL,,-9999.000000000,"Children and adolescents with chronic conditions, adults with chronic conditions, older adults with chronic conditions, other groups",,,,,
BRN,2024,COVID19,,1,ADULTS,NATIONAL,,-9999.000000000,"All adults, all older adults",,,,,
BRN,2024,COVID19,,1,PW,NATIONAL,,-9999.000000000,Pregnant women,,,,,
BRN,2024,COVID19,,1,HW,NATIONAL,,-9999.000000000,Health and care workers,,,,,
BRN,2024,COVID19,,1,,NATIONAL,,-9999.000000000,All children and adolescents,,,,,
JAM,2024,COVID19,,1,ADULTS,NATIONAL,,-9999.000000000,"All adults, all older adults",,,,,
JAM,2024,COVID19,,1,PW,NATIONAL,,-9999.000000000,Pregnant women,,,,,
JAM,2024,COVID19,,1,RISKGROUPS,NATIONAL,,-9999.000000000,"Children and adolescents chronic conditions, adults chronic conditions, older adults chronic conditions",,,,,
JAM,2024,COVID19,,1,HW,NATIONAL,,-9999.000000000,Health and care workers,,,,,
VCT,2024,COVID19,,1,PW,NATIONAL,,-9999.000000000,Pregnant women,,Updated eJRF 2024 received 30/May/2025,,,
VCT,2024,COVID19,,1,HW,NATIONAL,,-9999.000000000,Health and care workers,,Updated eJRF 2024 received 30/May/2025,,,
VCT,2024,COVID19,,1,ADULTS,NATIONAL,,-9999.000000000,All adults,,Updated eJRF 2024 received 30/May/2025,,,
VCT,2024,COVID19,,1,RISKGROUPS,NATIONAL,,-9999.000000000,"Children and adolescents with chronic conditions, adults with chronic conditions, older adults with chronic conditions, other groups",,Updated eJRF 2024 received 30/May/2025,,,
VCT,2024,COVID19,,1,,NATIONAL,,-9999.000000000,All children and adolescents,,Updated eJRF 2024 received 30/May/2025,,,
CAN,2024,COVID19,,1,RISKGROUPS,NATIONAL,,-9999.000000000,"Children and adolescents with chronic conditions, adults with chronic conditions, older adults with chronic conditions, other groups",,,,,
CAN,2024,COVID19,,1,ADULTS,NATIONAL,,-9999.000000000,"All adults, all older adults",,,,,
CAN,2024,COVID19,,1,PW,NATIONAL,,-9999.000000000,Pregnant women,,,,,
CAN,2024,COVID19,,1,HW,NATIONAL,,-9999.000000000,Health and care workers,,,,,
CAN,2024,COVID19,,1,,NATIONAL,,-9999.000000000,All children and adolescents,,,,,
TKL,2024,COVID19,,1,ADULTS,NATIONAL,,-9999.000000000,All adults,,,,,
TKL,2024,COVID19,,1,RISKGROUPS,NATIONAL,,-9999.000000000,Older adults with chronic conditions,,,,,
TKL,2024,COVID19,,1,HW,NATIONAL,,-9999.000000000,Health and care workers,,,,,
MNP,2024,COVID19,,1,ADULTS,NATIONAL,,-9999.000000000,"All adults, all older adults",,,,,
MNP,2024,COVID19,,1,PW,NATIONAL,,-9999.000000000,Pregnant women,,,,,
MNP,2024,COVID19,,1,HW,NATIONAL,,-9999.000000000,Health and care workers,,,,,
MNP,2024,COVID19,,1,RISKGROUPS,NATIONAL,,-9999.000000000,"Children and adolescents with chronic conditions, adults with chronic conditions, older adults with chronic conditions, other groups",,,,,
MNP,2024,COVID19,,1,,NATIONAL,,-9999.000000000,All children and adolescents,,,,,
PYF,2024,COVID19,,1,ADULTS,NATIONAL,,-9999.000000000,All older adults,,,,,
PYF,2024,COVID19,,1,PW,NATIONAL,,-9999.000000000,Pregnant women,,,,,
PYF,2024,COVID19,,1,RISKGROUPS,NATIONAL,,-9999.000000000,"Children and adolescents with chronic conditions, adults with chronic conditions, older adults with chronic conditions, other groups",,,,,
PYF,2024,COVID19,,1,HW,NATIONAL,,-9999.000000000,Health and care workers,,,,,
MEX,2024,COVID19,,1,RISKGROUPS,NATIONAL,,-9999.000000000,"Children and adolescents with chronic conditions, adults with chronic conditions, other groups",,,,,
MEX,2024,COVID19,,1,PW,NATIONAL,,-9999.000000000,Pregnant women,,,,,
MEX,2024,COVID19,,1,HW,NATIONAL,,-9999.000000000,Health and care workers,,,,,
MEX,2024,COVID19,,1,ADULTS,NATIONAL,,-9999.000000000,All older adults,,,,,
MEX,2024,COVID19,,1,,NATIONAL,,-9999.000000000,All children and adolescents,,,,,
PAN,2024,COVID19,,1,RISKGROUPS,NATIONAL,,-9999.000000000,"Children and adolescents with chronic conditions, adults with chronic conditions, older adults with chronic conditions, other groups",,,,,
PAN,2024,COVID19,,1,ADULTS,NATIONAL,,-9999.000000000,"All adults, all older adults",,,,,
PAN,2024,COVID19,,1,PW,NATIONAL,,-9999.000000000,Pregnant women,,,,,
PAN,2024,COVID19,,1,HW,NATIONAL,,-9999.000000000,Health and care workers,,,,,
PAN,2024,COVID19,,1,,NATIONAL,,-9999.000000000,All children and adolescents,,,,,
BMU,2024,COVID19,,1,ADULTS,NATIONAL,,-9999.000000000,"All adults, all older adults",,,,,
BMU,2024,COVID19,,1,RISKGROUPS,NATIONAL,,-9999.000000000,"Children and adolescents with chronic conditions, adults with chronic conditions, older adults with chronic conditions",,,,,
BMU,2024,COVID19,,1,HW,NATIONAL,,-9999.000000000,Health and care workers,,,,,
SGP,2024,COVID19,,1,RISKGROUPS,NATIONAL,,-9999.000000000,"Children and adolescents with chronic conditions, adults with chronic conditions, older adults with chronic conditions, other groups",,,,,
SGP,2024,COVID19,,1,ADULTS,NATIONAL,,-9999.000000000,All older adults,,,,,
SGP,2024,COVID19,,1,PW,NATIONAL,,-9999.000000000,pregnant women,,,,,
GRD,2024,COVID19,,1,RISKGROUPS,NATIONAL,,-9999.000000000,Older adults with chronic conditions,,,,,
GRD,2024,COVID19,,1,PW,NATIONAL,,-9999.000000000,Pregnant women,,,,,
UZB,2024,COVID19,,1,HW,NATIONAL,,-9999.000000000,Health and care workers,,,,,
UZB,2024,COVID19,,1,PW,NATIONAL,,-9999.000000000,Pregnant women,,,,,
UZB,2024,COVID19,,1,RISKGROUPS,NATIONAL,,-9999.000000000,"Adults with chronic conditions, older adults with chronic conditions",,,,,
UZB,2024,COVID19,,1,ADULTS,NATIONAL,,-9999.000000000,"All adults, all older adults",,,,,
NPL,2024,COVID19,,1,HW,NATIONAL,,-9999.000000000,Health and care workers,,Updated eJRF 2024 received 10/Jun/2025,,,
NPL,2024,COVID19,,1,PW,NATIONAL,,-9999.000000000,Pregnant women,,Updated eJRF 2024 received 10/Jun/2025,,,
NPL,2024,COVID19,,1,ADULTS,NATIONAL,,-9999.000000000,"All adults, all older adults",,Updated eJRF 2024 received 10/Jun/2025,,,
NPL,2024,COVID19,,1,RISKGROUPS,NATIONAL,,-9999.000000000,"Children and adolescents with chronic conditions, adults with chronic conditions, older adults with chronic conditions",,Updated eJRF 2024 received 10/Jun/2025,,,
NPL,2024,COVID19,,1,,NATIONAL,,-9999.000000000,All children and adolescents,,Updated eJRF 2024 received 10/Jun/2025,,,
PRT,2024,COVID19,,1,RISKGROUPS,NATIONAL,,-9999.000000000,"Children and adolescents with chronic conditions, adults with with chronic conditions, other groups",,,,,
PRT,2024,COVID19,,1,PW,NATIONAL,,-9999.000000000,Pregnant women,,,,,
PRT,2024,COVID19,,1,ADULTS,NATIONAL,,-9999.000000000,"All adults, all older adults",,,,,
PRT,2024,COVID19,,1,HW,NATIONAL,,-9999.000000000,Health and care workers,,,,,
PAK,2024,COVID19,,1,HW,NATIONAL,,-9999.000000000,Health and care workers,,Updated eJRF 2024 received 12/Jun/2025,,,
GMB,2024,COVID19,,1,HW,NATIONAL,,-9999.000000000,Health and care workers,,Updated eJRF 2024 received 19/Jun/2025,,,
GMB,2024,COVID19,,1,PW,NATIONAL,,-9999.000000000,Pregnant women,,Updated eJRF 2024 received 19/Jun/2025,,,
GMB,2024,COVID19,,1,RISKGROUPS,NATIONAL,,-9999.000000000,"Adults with chronic conditions, older adults with chronic conditions",,Updated eJRF 2024 received 19/Jun/2025,,,
GMB,2024,COVID19,,1,,NATIONAL,,-9999.000000000,All children and adolescents,,Updated eJRF 2024 received 19/Jun/2025,,,
JPN,2024,COVID19,,1,ADULTS,NATIONAL,,-9999.000000000,All older adults,,Updated eJRF 2024 received 19/Jun/2025,,,
JPN,2024,COVID19,,1,RISKGROUPS,NATIONAL,,-9999.000000000,Older adults with chronic conditions,,Updated eJRF 2024 received 19/Jun/2025,,,
LVA,2024,COVID19,,1,PW,NATIONAL,,-9999.000000000,Pregnant women,,Updated eJRF 2024 received 21/Jun/2025,,,
LUX,2024,COVID19,,1,ADULTS,NATIONAL,,-9999.000000000,"All adults, all older adults",,Updated eJRF 2024 received 19/Jun/2025,,,
LUX,2024,COVID19,,1,PW,NATIONAL,,-9999.000000000,Pregnant women,,Updated eJRF 2024 received 19/Jun/2025,,,
LUX,2024,COVID19,,1,HW,NATIONAL,,-9999.000000000,Health and care workers,,Updated eJRF 2024 received 19/Jun/2025,,,
LUX,2024,COVID19,,1,RISKGROUPS,NATIONAL,,-9999.000000000,"Children and adolescents with chronic conditions, adults with chronic conditions, older with chronic conditions",,Updated eJRF 2024 received 19/Jun/2025,,,
BHS,2024,COVID19,,1,PW,NATIONAL,,-9999.000000000,Pregnant women,,Updated eJRF 2024 received 19/Jun/2025,,,
BHS,2024,COVID19,,1,HW,NATIONAL,,-9999.000000000,Health and care workers,,Updated eJRF 2024 received 19/Jun/2025,,,
BHS,2024,COVID19,,1,ADULTS,NATIONAL,,-9999.000000000,"All adults, all older adults",,Updated eJRF 2024 received 19/Jun/2025,,,
BHS,2024,COVID19,,1,RISKGROUPS,NATIONAL,,-9999.000000000,"Children and adolescents with chronic conditions, adults with chronic conditions, older with chronic conditions",,Updated eJRF 2024 received 19/Jun/2025,,,
BHS,2024,COVID19,,1,,NATIONAL,,-9999.000000000,All children and adolescents,,Updated eJRF 2024 received 19/Jun/2025,,,
PHL,2024,COVID19,,1,PW,NATIONAL,,-9999.000000000,Pregnant women,,Updated eJRF 2024 received 20/Jun/2025,,,
PHL,2024,COVID19,,1,HW,NATIONAL,,-9999.000000000,Health and care workers,,Updated eJRF 2024 received 20/Jun/2025,,,
PHL,2024,COVID19,,1,ADULTS,NATIONAL,,-9999.000000000,"All adults, all older adults",,Updated eJRF 2024 received 20/Jun/2025,,,
PHL,2024,COVID19,,1,RISKGROUPS,NATIONAL,,-9999.000000000,"Children and adolescents with chronic conditions, adults with chronic conditions, older adults with chronic conditions, other groups",,Updated eJRF 2024 received 20/Jun/2025,,,
PHL,2024,COVID19,,1,,NATIONAL,,-9999.000000000,All children and adolescents,,Updated eJRF 2024 received 20/Jun/2025,,,
CAF,2024,COVID19,,1,HW,NATIONAL,,-9999.000000000,Health and care workers,,Updated eJRF 2024 received 19/Jun/2025,,,
CAF,2024,COVID19,,1,ADULTS,NATIONAL,,-9999.000000000,"All adults, all older adults",,Updated eJRF 2024 received 19/Jun/2025,,,
CAF,2024,COVID19,,1,RISKGROUPS,NATIONAL,,-9999.000000000,"Children and adolescents with chronic conditions, adults with chronic conditions, older adults with chronic conditions",,Updated eJRF 2024 received 19/Jun/2025,,,
CAF,2024,COVID19,,1,,NATIONAL,,-9999.000000000,All children and adolescents,,Updated eJRF 2024 received 19/Jun/2025,,,
AND,2024,COVID19,,1,RISKGROUPS,NATIONAL,,-9999.000000000,"Children and adolescents with chronic conditions, adults with chronic conditions, older adults with chronic conditions",,,,,
AND,2024,COVID19,,1,PW,NATIONAL,,-9999.000000000,Pregnant women,,,,,
AND,2024,COVID19,,1,ADULTS,NATIONAL,,-9999.000000000,All older adults,,,,,
AND,2024,COVID19,,1,HW,NATIONAL,,-9999.000000000,Health and care workers,,,,,
VNM,2024,COVID19,,1,ADULTS,NATIONAL,,-9999.000000000,"All adults, all older adults",,,,,
VNM,2024,COVID19,,1,HW,NATIONAL,,-9999.000000000,Health and care workers,,,,,
VNM,2024,COVID19,,1,PW,NATIONAL,,-9999.000000000,pregnant women,,,,,
VNM,2024,COVID19,,1,RISKGROUPS,NATIONAL,,-9999.000000000,"Adults with chronic conditions, older adults with chronic conditions",,,,,
ITA,2024,COVID19,,1,ADULTS,NATIONAL,,-9999.000000000,All older adults,,,,,
ITA,2024,COVID19,,1,RISKGROUPS,NATIONAL,,-9999.000000000,"Children and adolescents with chronic conditions, adults with chronic conditions, older adults with chronic conditions",,,,,
ITA,2024,COVID19,,1,HW,NATIONAL,,-9999.000000000,Health and care workers,,,,,
ITA,2024,COVID19,,1,PW,NATIONAL,,-9999.000000000,Pregnant women,,,,,
ROU,2024,COVID19,,1,ADULTS,NATIONAL,,-9999.000000000,All older adults,,Updated eJRF 2024 received 16/Jun/2025,,,
ROU,2024,COVID19,,1,RISKGROUPS,NATIONAL,,-9999.000000000,"Children and adolescents with chronic conditions, adults with chronic conditions, older adults with chronic conditions",,Updated eJRF 2024 received 16/Jun/2025,,,
ROU,2024,COVID19,,1,PW,NATIONAL,,-9999.000000000,Pregnant women,,Updated eJRF 2024 received 16/Jun/2025,,,
ROU,2024,COVID19,,1,HW,NATIONAL,,-9999.000000000,Health and care workers,,Updated eJRF 2024 received 16/Jun/2025,,,
BRA,2024,COVID19,,1,,NATIONAL,,-9999.000000000,All children and adolescents,,Updated eJRF 2024 received 23/Jun/2025,,,
BON,2024,COVID19,,1,ADULTS,NATIONAL,,-9999.000000000,All older adults,,,,,
BON,2024,COVID19,,1,RISKGROUPS,NATIONAL,,-9999.000000000,Adults with chronic conditions,,,,,
GUM,2024,COVID19,,1,ADULTS,NATIONAL,,,All adults,,,,,
JOR,2024,COVID19,,1,RISKGROUPS,NATIONAL,,-9999.000000000,"Children and adolescents with chronic conditions, adults with chronic conditions, older adults with chronic conditions",,Updated eJRF 2024 received 25/Jun/2025,,,
JOR,2024,COVID19,,1,PW,NATIONAL,,-9999.000000000,Pregnant women,,Updated eJRF 2024 received 25/Jun/2025,,,
JOR,2024,COVID19,,1,HW,NATIONAL,,-9999.000000000,Health and care workers,,Updated eJRF 2024 received 25/Jun/2025,,,
JOR,2024,COVID19,,1,ADULTS,NATIONAL,,-9999.000000000,"All adults, all older adults",,Updated eJRF 2024 received 25/Jun/2025,,,
