COUNTRY_FK,WHO_REGION,YEAR,GENDER_FK,AGEGROUP_FK,VALUE
ABW,AMRO,2024,BOTH,GTEQ_50_YEARS,42984.000000000
ABW,AMRO,2024,BOTH,GTEQ_55_YEARS,35245.000000000
ABW,AMRO,2024,BOTH,GTEQ_60_YEARS,26830.000000000
ABW,AMRO,2024,BOTH,GTEQ_65_YEARS,18439.000000000
ABW,AMRO,2024,BOTH,GTEQ_75_YEARS,5886.000000000
AFG,EMRO,2024,BOTH,GTEQ_50_YEARS,3615877.000000000
AFG,EMRO,2024,BOTH,GTEQ_55_YEARS,2494529.000000000
AFG,EMRO,2024,BOTH,GTEQ_60_YEARS,1644984.000000000
AFG,EMRO,2024,BOTH,GTEQ_65_YEARS,1023963.000000000
AFG,EMRO,2024,BOTH,GTEQ_75_YEARS,292446.000000000
AGO,AFRO,2024,BOTH,GTEQ_50_YEARS,3711984.000000000
AGO,AFRO,2024,BOTH,GTEQ_55_YEARS,2636273.000000000
AGO,AFRO,2024,BOTH,GTEQ_60_YEARS,1761064.000000000
AGO,AFRO,2024,BOTH,GTEQ_65_YEARS,1080673.000000000
AGO,AFRO,2024,BOTH,GTEQ_75_YEARS,303851.000000000
AIA,AMRO,2024,BOTH,GTEQ_50_YEARS,4938.000000000
AIA,AMRO,2024,BOTH,GTEQ_55_YEARS,3794.000000000
AIA,AMRO,2024,BOTH,GTEQ_60_YEARS,2705.000000000
AIA,AMRO,2024,BOTH,GTEQ_65_YEARS,1836.000000000
AIA,AMRO,2024,BOTH,GTEQ_75_YEARS,677.000000000
ALB,EURO,2024,BOTH,GTEQ_50_YEARS,998368.000000000
ALB,EURO,2024,BOTH,GTEQ_55_YEARS,833413.000000000
ALB,EURO,2024,BOTH,GTEQ_60_YEARS,656988.000000000
ALB,EURO,2024,BOTH,GTEQ_65_YEARS,472453.000000000
ALB,EURO,2024,BOTH,GTEQ_75_YEARS,187607.000000000
AND,EURO,2024,BOTH,GTEQ_50_YEARS,33031.000000000
AND,EURO,2024,BOTH,GTEQ_55_YEARS,25780.000000000
AND,EURO,2024,BOTH,GTEQ_60_YEARS,18981.000000000
AND,EURO,2024,BOTH,GTEQ_65_YEARS,13074.000000000
AND,EURO,2024,BOTH,GTEQ_75_YEARS,5555.000000000
ARE,EMRO,2024,BOTH,GTEQ_50_YEARS,1331929.000000000
ARE,EMRO,2024,BOTH,GTEQ_55_YEARS,797215.000000000
ARE,EMRO,2024,BOTH,GTEQ_60_YEARS,413501.000000000
ARE,EMRO,2024,BOTH,GTEQ_65_YEARS,194854.000000000
ARE,EMRO,2024,BOTH,GTEQ_75_YEARS,49262.000000000
ARG,AMRO,2024,BOTH,GTEQ_50_YEARS,12419551.000000000
ARG,AMRO,2024,BOTH,GTEQ_55_YEARS,9883990.000000000
ARG,AMRO,2024,BOTH,GTEQ_60_YEARS,7698499.000000000
ARG,AMRO,2024,BOTH,GTEQ_65_YEARS,5673647.000000000
ARG,AMRO,2024,BOTH,GTEQ_75_YEARS,2436663.000000000
ARM,EURO,2024,BOTH,GTEQ_50_YEARS,939995.000000000
ARM,EURO,2024,BOTH,GTEQ_55_YEARS,777128.000000000
ARM,EURO,2024,BOTH,GTEQ_60_YEARS,607443.000000000
ARM,EURO,2024,BOTH,GTEQ_65_YEARS,407507.000000000
ARM,EURO,2024,BOTH,GTEQ_75_YEARS,127833.000000000
ASM,WPRO,2024,BOTH,GTEQ_50_YEARS,11769.000000000
ASM,WPRO,2024,BOTH,GTEQ_55_YEARS,8836.000000000
ASM,WPRO,2024,BOTH,GTEQ_60_YEARS,6029.000000000
ASM,WPRO,2024,BOTH,GTEQ_65_YEARS,3771.000000000
ASM,WPRO,2024,BOTH,GTEQ_75_YEARS,1107.000000000
ATG,AMRO,2024,BOTH,GTEQ_50_YEARS,29647.000000000
ATG,AMRO,2024,BOTH,GTEQ_55_YEARS,23123.000000000
ATG,AMRO,2024,BOTH,GTEQ_60_YEARS,16584.000000000
ATG,AMRO,2024,BOTH,GTEQ_65_YEARS,11058.000000000
ATG,AMRO,2024,BOTH,GTEQ_75_YEARS,3834.000000000
AUS,WPRO,2024,BOTH,GTEQ_50_YEARS,9507219.000000000
AUS,WPRO,2024,BOTH,GTEQ_55_YEARS,7812131.000000000
AUS,WPRO,2024,BOTH,GTEQ_60_YEARS,6266693.000000000
AUS,WPRO,2024,BOTH,GTEQ_65_YEARS,4736267.000000000
AUS,WPRO,2024,BOTH,GTEQ_75_YEARS,2184064.000000000
AUT,EURO,2024,BOTH,GTEQ_50_YEARS,3907179.000000000
AUT,EURO,2024,BOTH,GTEQ_55_YEARS,3265536.000000000
AUT,EURO,2024,BOTH,GTEQ_60_YEARS,2549121.000000000
AUT,EURO,2024,BOTH,GTEQ_65_YEARS,1879479.000000000
AUT,EURO,2024,BOTH,GTEQ_75_YEARS,920295.000000000
AZE,EURO,2024,BOTH,GTEQ_50_YEARS,2668253.000000000
AZE,EURO,2024,BOTH,GTEQ_55_YEARS,2076012.000000000
AZE,EURO,2024,BOTH,GTEQ_60_YEARS,1469441.000000000
AZE,EURO,2024,BOTH,GTEQ_65_YEARS,884381.000000000
AZE,EURO,2024,BOTH,GTEQ_75_YEARS,226367.000000000
BDI,AFRO,2024,BOTH,GTEQ_50_YEARS,1131827.000000000
BDI,AFRO,2024,BOTH,GTEQ_55_YEARS,789971.000000000
BDI,AFRO,2024,BOTH,GTEQ_60_YEARS,543129.000000000
BDI,AFRO,2024,BOTH,GTEQ_65_YEARS,355670.000000000
BDI,AFRO,2024,BOTH,GTEQ_75_YEARS,96112.000000000
BEL,EURO,2024,BOTH,GTEQ_50_YEARS,4767966.000000000
BEL,EURO,2024,BOTH,GTEQ_55_YEARS,3989254.000000000
BEL,EURO,2024,BOTH,GTEQ_60_YEARS,3194561.000000000
BEL,EURO,2024,BOTH,GTEQ_65_YEARS,2413274.000000000
BEL,EURO,2024,BOTH,GTEQ_75_YEARS,1147283.000000000
BEN,AFRO,2024,BOTH,GTEQ_50_YEARS,1506610.000000000
BEN,AFRO,2024,BOTH,GTEQ_55_YEARS,1070522.000000000
BEN,AFRO,2024,BOTH,GTEQ_60_YEARS,719772.000000000
BEN,AFRO,2024,BOTH,GTEQ_65_YEARS,450979.000000000
BEN,AFRO,2024,BOTH,GTEQ_75_YEARS,136161.000000000
BES,AMRO,2024,BOTH,GTEQ_50_YEARS,11128.000000000
BES,AMRO,2024,BOTH,GTEQ_55_YEARS,8991.000000000
BES,AMRO,2024,BOTH,GTEQ_60_YEARS,6659.000000000
BES,AMRO,2024,BOTH,GTEQ_65_YEARS,4424.000000000
BES,AMRO,2024,BOTH,GTEQ_75_YEARS,1582.000000000
BFA,AFRO,2024,BOTH,GTEQ_50_YEARS,2171449.000000000
BFA,AFRO,2024,BOTH,GTEQ_55_YEARS,1522290.000000000
BFA,AFRO,2024,BOTH,GTEQ_60_YEARS,1014042.000000000
BFA,AFRO,2024,BOTH,GTEQ_65_YEARS,624469.000000000
BFA,AFRO,2024,BOTH,GTEQ_75_YEARS,168910.000000000
BGD,SEARO,2024,BOTH,GTEQ_50_YEARS,30536554.000000000
BGD,SEARO,2024,BOTH,GTEQ_55_YEARS,22896455.000000000
BGD,SEARO,2024,BOTH,GTEQ_60_YEARS,16510594.000000000
BGD,SEARO,2024,BOTH,GTEQ_65_YEARS,11278894.000000000
BGD,SEARO,2024,BOTH,GTEQ_75_YEARS,3944242.000000000
BGR,EURO,2024,BOTH,GTEQ_50_YEARS,2900628.000000000
BGR,EURO,2024,BOTH,GTEQ_55_YEARS,2391119.000000000
BGR,EURO,2024,BOTH,GTEQ_60_YEARS,1934444.000000000
BGR,EURO,2024,BOTH,GTEQ_65_YEARS,1488751.000000000
BGR,EURO,2024,BOTH,GTEQ_75_YEARS,654688.000000000
BHR,EMRO,2024,BOTH,GTEQ_50_YEARS,261307.000000000
BHR,EMRO,2024,BOTH,GTEQ_55_YEARS,171852.000000000
BHR,EMRO,2024,BOTH,GTEQ_60_YEARS,107146.000000000
BHR,EMRO,2024,BOTH,GTEQ_65_YEARS,61936.000000000
BHR,EMRO,2024,BOTH,GTEQ_75_YEARS,17995.000000000
BHS,AMRO,2024,BOTH,GTEQ_50_YEARS,121880.000000000
BHS,AMRO,2024,BOTH,GTEQ_55_YEARS,94440.000000000
BHS,AMRO,2024,BOTH,GTEQ_60_YEARS,68396.000000000
BHS,AMRO,2024,BOTH,GTEQ_65_YEARS,47264.000000000
BHS,AMRO,2024,BOTH,GTEQ_75_YEARS,20790.000000000
BIH,EURO,2024,BOTH,GTEQ_50_YEARS,1397212.000000000
BIH,EURO,2024,BOTH,GTEQ_55_YEARS,1181988.000000000
BIH,EURO,2024,BOTH,GTEQ_60_YEARS,955752.000000000
BIH,EURO,2024,BOTH,GTEQ_65_YEARS,703429.000000000
BIH,EURO,2024,BOTH,GTEQ_75_YEARS,282328.000000000
BLM,,2024,BOTH,GTEQ_50_YEARS,4307.000000000
BLM,,2024,BOTH,GTEQ_55_YEARS,3560.000000000
BLM,,2024,BOTH,GTEQ_60_YEARS,2752.000000000
BLM,,2024,BOTH,GTEQ_65_YEARS,2000.000000000
BLM,,2024,BOTH,GTEQ_75_YEARS,855.000000000
BLR,EURO,2024,BOTH,GTEQ_50_YEARS,3466020.000000000
BLR,EURO,2024,BOTH,GTEQ_55_YEARS,2854889.000000000
BLR,EURO,2024,BOTH,GTEQ_60_YEARS,2260032.000000000
BLR,EURO,2024,BOTH,GTEQ_65_YEARS,1600014.000000000
BLR,EURO,2024,BOTH,GTEQ_75_YEARS,577208.000000000
BLZ,AMRO,2024,BOTH,GTEQ_50_YEARS,68933.000000000
BLZ,AMRO,2024,BOTH,GTEQ_55_YEARS,49204.000000000
BLZ,AMRO,2024,BOTH,GTEQ_60_YEARS,33486.000000000
BLZ,AMRO,2024,BOTH,GTEQ_65_YEARS,20964.000000000
BLZ,AMRO,2024,BOTH,GTEQ_75_YEARS,6426.000000000
BMU,AMRO,2024,BOTH,GTEQ_50_YEARS,29142.000000000
BMU,AMRO,2024,BOTH,GTEQ_55_YEARS,24203.000000000
BMU,AMRO,2024,BOTH,GTEQ_60_YEARS,19306.000000000
BMU,AMRO,2024,BOTH,GTEQ_65_YEARS,14062.000000000
BMU,AMRO,2024,BOTH,GTEQ_75_YEARS,5975.000000000
BOL,AMRO,2024,BOTH,GTEQ_50_YEARS,2051100.000000000
BOL,AMRO,2024,BOTH,GTEQ_55_YEARS,1507227.000000000
BOL,AMRO,2024,BOTH,GTEQ_60_YEARS,1058187.000000000
BOL,AMRO,2024,BOTH,GTEQ_65_YEARS,700302.000000000
BOL,AMRO,2024,BOTH,GTEQ_75_YEARS,247506.000000000
BRA,AMRO,2024,BOTH,GTEQ_50_YEARS,59196916.000000000
BRA,AMRO,2024,BOTH,GTEQ_55_YEARS,46082252.000000000
BRA,AMRO,2024,BOTH,GTEQ_60_YEARS,34163460.000000000
BRA,AMRO,2024,BOTH,GTEQ_65_YEARS,23424123.000000000
BRA,AMRO,2024,BOTH,GTEQ_75_YEARS,8347899.000000000
BRB,AMRO,2024,BOTH,GTEQ_50_YEARS,104574.000000000
BRB,AMRO,2024,BOTH,GTEQ_55_YEARS,84993.000000000
BRB,AMRO,2024,BOTH,GTEQ_60_YEARS,65931.000000000
BRB,AMRO,2024,BOTH,GTEQ_65_YEARS,46757.000000000
BRB,AMRO,2024,BOTH,GTEQ_75_YEARS,17178.000000000
BRN,WPRO,2024,BOTH,GTEQ_50_YEARS,103869.000000000
BRN,WPRO,2024,BOTH,GTEQ_55_YEARS,74108.000000000
BRN,WPRO,2024,BOTH,GTEQ_60_YEARS,50461.000000000
BRN,WPRO,2024,BOTH,GTEQ_65_YEARS,31786.000000000
BRN,WPRO,2024,BOTH,GTEQ_75_YEARS,8833.000000000
BTN,SEARO,2024,BOTH,GTEQ_50_YEARS,144834.000000000
BTN,SEARO,2024,BOTH,GTEQ_55_YEARS,107482.000000000
BTN,SEARO,2024,BOTH,GTEQ_60_YEARS,75834.000000000
BTN,SEARO,2024,BOTH,GTEQ_65_YEARS,51411.000000000
BTN,SEARO,2024,BOTH,GTEQ_75_YEARS,17299.000000000
BWA,AFRO,2024,BOTH,GTEQ_50_YEARS,318960.000000000
BWA,AFRO,2024,BOTH,GTEQ_55_YEARS,228051.000000000
BWA,AFRO,2024,BOTH,GTEQ_60_YEARS,154308.000000000
BWA,AFRO,2024,BOTH,GTEQ_65_YEARS,101762.000000000
BWA,AFRO,2024,BOTH,GTEQ_75_YEARS,32759.000000000
CAF,AFRO,2024,BOTH,GTEQ_50_YEARS,400357.000000000
CAF,AFRO,2024,BOTH,GTEQ_55_YEARS,292559.000000000
CAF,AFRO,2024,BOTH,GTEQ_60_YEARS,194488.000000000
CAF,AFRO,2024,BOTH,GTEQ_65_YEARS,114674.000000000
CAF,AFRO,2024,BOTH,GTEQ_75_YEARS,22732.000000000
CAN,AMRO,2024,BOTH,GTEQ_50_YEARS,15502194.000000000
CAN,AMRO,2024,BOTH,GTEQ_55_YEARS,13074466.000000000
CAN,AMRO,2024,BOTH,GTEQ_60_YEARS,10563952.000000000
CAN,AMRO,2024,BOTH,GTEQ_65_YEARS,7868846.000000000
CAN,AMRO,2024,BOTH,GTEQ_75_YEARS,3465375.000000000
CHE,EURO,2024,BOTH,GTEQ_50_YEARS,3689918.000000000
CHE,EURO,2024,BOTH,GTEQ_55_YEARS,3064387.000000000
CHE,EURO,2024,BOTH,GTEQ_60_YEARS,2395803.000000000
CHE,EURO,2024,BOTH,GTEQ_65_YEARS,1786106.000000000
CHE,EURO,2024,BOTH,GTEQ_75_YEARS,889067.000000000
CHL,AMRO,2024,BOTH,GTEQ_50_YEARS,6350728.000000000
CHL,AMRO,2024,BOTH,GTEQ_55_YEARS,5073826.000000000
CHL,AMRO,2024,BOTH,GTEQ_60_YEARS,3871363.000000000
CHL,AMRO,2024,BOTH,GTEQ_65_YEARS,2793775.000000000
CHL,AMRO,2024,BOTH,GTEQ_75_YEARS,1151540.000000000
CHN,WPRO,2024,BOTH,GTEQ_50_YEARS,526805375.000000000
CHN,WPRO,2024,BOTH,GTEQ_55_YEARS,406938952.000000000
CHN,WPRO,2024,BOTH,GTEQ_60_YEARS,292189325.000000000
CHN,WPRO,2024,BOTH,GTEQ_65_YEARS,208147293.000000000
CHN,WPRO,2024,BOTH,GTEQ_75_YEARS,71764513.000000000
CIV,AFRO,2024,BOTH,GTEQ_50_YEARS,3066360.000000000
CIV,AFRO,2024,BOTH,GTEQ_55_YEARS,2087433.000000000
CIV,AFRO,2024,BOTH,GTEQ_60_YEARS,1364861.000000000
CIV,AFRO,2024,BOTH,GTEQ_65_YEARS,833164.000000000
CIV,AFRO,2024,BOTH,GTEQ_75_YEARS,240355.000000000
CMR,AFRO,2024,BOTH,GTEQ_50_YEARS,2801773.000000000
CMR,AFRO,2024,BOTH,GTEQ_55_YEARS,1937291.000000000
CMR,AFRO,2024,BOTH,GTEQ_60_YEARS,1292796.000000000
CMR,AFRO,2024,BOTH,GTEQ_65_YEARS,813959.000000000
CMR,AFRO,2024,BOTH,GTEQ_75_YEARS,237256.000000000
COD,AFRO,2024,BOTH,GTEQ_50_YEARS,10570501.000000000
COD,AFRO,2024,BOTH,GTEQ_55_YEARS,7672000.000000000
COD,AFRO,2024,BOTH,GTEQ_60_YEARS,5257343.000000000
COD,AFRO,2024,BOTH,GTEQ_65_YEARS,3360884.000000000
COD,AFRO,2024,BOTH,GTEQ_75_YEARS,1018047.000000000
COG,AFRO,2024,BOTH,GTEQ_50_YEARS,723068.000000000
COG,AFRO,2024,BOTH,GTEQ_55_YEARS,496190.000000000
COG,AFRO,2024,BOTH,GTEQ_60_YEARS,317992.000000000
COG,AFRO,2024,BOTH,GTEQ_65_YEARS,189087.000000000
COG,AFRO,2024,BOTH,GTEQ_75_YEARS,50609.000000000
COK,WPRO,2024,BOTH,GTEQ_50_YEARS,4742.000000000
COK,WPRO,2024,BOTH,GTEQ_55_YEARS,3791.000000000
COK,WPRO,2024,BOTH,GTEQ_60_YEARS,2802.000000000
COK,WPRO,2024,BOTH,GTEQ_65_YEARS,1891.000000000
COK,WPRO,2024,BOTH,GTEQ_75_YEARS,728.000000000
COL,AMRO,2024,BOTH,GTEQ_50_YEARS,13637554.000000000
COL,AMRO,2024,BOTH,GTEQ_55_YEARS,10613563.000000000
COL,AMRO,2024,BOTH,GTEQ_60_YEARS,7719754.000000000
COL,AMRO,2024,BOTH,GTEQ_65_YEARS,5171467.000000000
COL,AMRO,2024,BOTH,GTEQ_75_YEARS,1759043.000000000
COM,AFRO,2024,BOTH,GTEQ_50_YEARS,114855.000000000
COM,AFRO,2024,BOTH,GTEQ_55_YEARS,83280.000000000
COM,AFRO,2024,BOTH,GTEQ_60_YEARS,58066.000000000
COM,AFRO,2024,BOTH,GTEQ_65_YEARS,38764.000000000
COM,AFRO,2024,BOTH,GTEQ_75_YEARS,13131.000000000
CPV,AFRO,2024,BOTH,GTEQ_50_YEARS,101023.000000000
CPV,AFRO,2024,BOTH,GTEQ_55_YEARS,77900.000000000
CPV,AFRO,2024,BOTH,GTEQ_60_YEARS,55441.000000000
CPV,AFRO,2024,BOTH,GTEQ_65_YEARS,36007.000000000
CPV,AFRO,2024,BOTH,GTEQ_75_YEARS,12334.000000000
CRI,AMRO,2024,BOTH,GTEQ_50_YEARS,1491354.000000000
CRI,AMRO,2024,BOTH,GTEQ_55_YEARS,1191830.000000000
CRI,AMRO,2024,BOTH,GTEQ_60_YEARS,899461.000000000
CRI,AMRO,2024,BOTH,GTEQ_65_YEARS,627150.000000000
CRI,AMRO,2024,BOTH,GTEQ_75_YEARS,248500.000000000
CUB,AMRO,2024,BOTH,GTEQ_50_YEARS,4548440.000000000
CUB,AMRO,2024,BOTH,GTEQ_55_YEARS,3600760.000000000
CUB,AMRO,2024,BOTH,GTEQ_60_YEARS,2635685.000000000
CUB,AMRO,2024,BOTH,GTEQ_65_YEARS,1819256.000000000
CUB,AMRO,2024,BOTH,GTEQ_75_YEARS,811746.000000000
CUW,AMRO,2024,BOTH,GTEQ_50_YEARS,68997.000000000
CUW,AMRO,2024,BOTH,GTEQ_55_YEARS,56843.000000000
CUW,AMRO,2024,BOTH,GTEQ_60_YEARS,44054.000000000
CUW,AMRO,2024,BOTH,GTEQ_65_YEARS,31135.000000000
CUW,AMRO,2024,BOTH,GTEQ_75_YEARS,11743.000000000
CYM,AMRO,2024,BOTH,GTEQ_50_YEARS,22450.000000000
CYM,AMRO,2024,BOTH,GTEQ_55_YEARS,16196.000000000
CYM,AMRO,2024,BOTH,GTEQ_60_YEARS,10791.000000000
CYM,AMRO,2024,BOTH,GTEQ_65_YEARS,6709.000000000
CYM,AMRO,2024,BOTH,GTEQ_75_YEARS,2249.000000000
CYP,EURO,2024,BOTH,GTEQ_50_YEARS,439560.000000000
CYP,EURO,2024,BOTH,GTEQ_55_YEARS,352211.000000000
CYP,EURO,2024,BOTH,GTEQ_60_YEARS,271511.000000000
CYP,EURO,2024,BOTH,GTEQ_65_YEARS,198537.000000000
CYP,EURO,2024,BOTH,GTEQ_75_YEARS,85461.000000000
CZE,EURO,2024,BOTH,GTEQ_50_YEARS,4319900.000000000
CZE,EURO,2024,BOTH,GTEQ_55_YEARS,3520602.000000000
CZE,EURO,2024,BOTH,GTEQ_60_YEARS,2849718.000000000
CZE,EURO,2024,BOTH,GTEQ_65_YEARS,2237938.000000000
CZE,EURO,2024,BOTH,GTEQ_75_YEARS,1010479.000000000
DEU,EURO,2024,BOTH,GTEQ_50_YEARS,38591428.000000000
DEU,EURO,2024,BOTH,GTEQ_55_YEARS,33051491.000000000
DEU,EURO,2024,BOTH,GTEQ_60_YEARS,26209692.000000000
DEU,EURO,2024,BOTH,GTEQ_65_YEARS,19612396.000000000
DEU,EURO,2024,BOTH,GTEQ_75_YEARS,9669841.000000000
DJI,EMRO,2024,BOTH,GTEQ_50_YEARS,188080.000000000
DJI,EMRO,2024,BOTH,GTEQ_55_YEARS,132224.000000000
DJI,EMRO,2024,BOTH,GTEQ_60_YEARS,88875.000000000
DJI,EMRO,2024,BOTH,GTEQ_65_YEARS,56700.000000000
DJI,EMRO,2024,BOTH,GTEQ_75_YEARS,18004.000000000
DMA,AMRO,2024,BOTH,GTEQ_50_YEARS,21669.000000000
DMA,AMRO,2024,BOTH,GTEQ_55_YEARS,17092.000000000
DMA,AMRO,2024,BOTH,GTEQ_60_YEARS,12494.000000000
DMA,AMRO,2024,BOTH,GTEQ_65_YEARS,8585.000000000
DMA,AMRO,2024,BOTH,GTEQ_75_YEARS,3231.000000000
DNK,EURO,2024,BOTH,GTEQ_50_YEARS,2430738.000000000
DNK,EURO,2024,BOTH,GTEQ_55_YEARS,2037304.000000000
DNK,EURO,2024,BOTH,GTEQ_60_YEARS,1622761.000000000
DNK,EURO,2024,BOTH,GTEQ_65_YEARS,1247262.000000000
DNK,EURO,2024,BOTH,GTEQ_75_YEARS,620133.000000000
DOM,AMRO,2024,BOTH,GTEQ_50_YEARS,2455020.000000000
DOM,AMRO,2024,BOTH,GTEQ_55_YEARS,1870078.000000000
DOM,AMRO,2024,BOTH,GTEQ_60_YEARS,1352507.000000000
DOM,AMRO,2024,BOTH,GTEQ_65_YEARS,900441.000000000
DOM,AMRO,2024,BOTH,GTEQ_75_YEARS,300026.000000000
DZA,AFRO,2024,BOTH,GTEQ_50_YEARS,9274201.000000000
DZA,AFRO,2024,BOTH,GTEQ_55_YEARS,6780365.000000000
DZA,AFRO,2024,BOTH,GTEQ_60_YEARS,4693624.000000000
DZA,AFRO,2024,BOTH,GTEQ_65_YEARS,3081427.000000000
DZA,AFRO,2024,BOTH,GTEQ_75_YEARS,958537.000000000
ECU,AMRO,2024,BOTH,GTEQ_50_YEARS,3902723.000000000
ECU,AMRO,2024,BOTH,GTEQ_55_YEARS,2969219.000000000
ECU,AMRO,2024,BOTH,GTEQ_60_YEARS,2172086.000000000
ECU,AMRO,2024,BOTH,GTEQ_65_YEARS,1513234.000000000
ECU,AMRO,2024,BOTH,GTEQ_75_YEARS,570136.000000000
EGY,EMRO,2024,BOTH,GTEQ_50_YEARS,19183476.000000000
EGY,EMRO,2024,BOTH,GTEQ_55_YEARS,13968310.000000000
EGY,EMRO,2024,BOTH,GTEQ_60_YEARS,9563062.000000000
EGY,EMRO,2024,BOTH,GTEQ_65_YEARS,5962453.000000000
EGY,EMRO,2024,BOTH,GTEQ_75_YEARS,1515043.000000000
ERI,AFRO,2024,BOTH,GTEQ_50_YEARS,441595.000000000
ERI,AFRO,2024,BOTH,GTEQ_55_YEARS,325527.000000000
ERI,AFRO,2024,BOTH,GTEQ_60_YEARS,227103.000000000
ERI,AFRO,2024,BOTH,GTEQ_65_YEARS,148605.000000000
ERI,AFRO,2024,BOTH,GTEQ_75_YEARS,52118.000000000
ESH,,2024,BOTH,GTEQ_50_YEARS,121310.000000000
ESH,,2024,BOTH,GTEQ_55_YEARS,86833.000000000
ESH,,2024,BOTH,GTEQ_60_YEARS,59921.000000000
ESH,,2024,BOTH,GTEQ_65_YEARS,38704.000000000
ESH,,2024,BOTH,GTEQ_75_YEARS,10018.000000000
ESP,EURO,2024,BOTH,GTEQ_50_YEARS,21031717.000000000
ESP,EURO,2024,BOTH,GTEQ_55_YEARS,17164230.000000000
ESP,EURO,2024,BOTH,GTEQ_60_YEARS,13464895.000000000
ESP,EURO,2024,BOTH,GTEQ_65_YEARS,10130903.000000000
ESP,EURO,2024,BOTH,GTEQ_75_YEARS,5043468.000000000
EST,EURO,2024,BOTH,GTEQ_50_YEARS,553897.000000000
EST,EURO,2024,BOTH,GTEQ_55_YEARS,460730.000000000
EST,EURO,2024,BOTH,GTEQ_60_YEARS,376821.000000000
EST,EURO,2024,BOTH,GTEQ_65_YEARS,289770.000000000
EST,EURO,2024,BOTH,GTEQ_75_YEARS,136037.000000000
ETH,AFRO,2024,BOTH,GTEQ_50_YEARS,14004625.000000000
ETH,AFRO,2024,BOTH,GTEQ_55_YEARS,10070081.000000000
ETH,AFRO,2024,BOTH,GTEQ_60_YEARS,6797904.000000000
ETH,AFRO,2024,BOTH,GTEQ_65_YEARS,4265517.000000000
ETH,AFRO,2024,BOTH,GTEQ_75_YEARS,1342922.000000000
FIN,EURO,2024,BOTH,GTEQ_50_YEARS,2386572.000000000
FIN,EURO,2024,BOTH,GTEQ_55_YEARS,2067935.000000000
FIN,EURO,2024,BOTH,GTEQ_60_YEARS,1707046.000000000
FIN,EURO,2024,BOTH,GTEQ_65_YEARS,1342391.000000000
FIN,EURO,2024,BOTH,GTEQ_75_YEARS,651421.000000000
FJI,WPRO,2024,BOTH,GTEQ_50_YEARS,185499.000000000
FJI,WPRO,2024,BOTH,GTEQ_55_YEARS,140460.000000000
FJI,WPRO,2024,BOTH,GTEQ_60_YEARS,97309.000000000
FJI,WPRO,2024,BOTH,GTEQ_65_YEARS,60258.000000000
FJI,WPRO,2024,BOTH,GTEQ_75_YEARS,17280.000000000
FLK,,2024,BOTH,GTEQ_50_YEARS,1317.000000000
FLK,,2024,BOTH,GTEQ_55_YEARS,976.000000000
FLK,,2024,BOTH,GTEQ_60_YEARS,682.000000000
FLK,,2024,BOTH,GTEQ_65_YEARS,437.000000000
FLK,,2024,BOTH,GTEQ_75_YEARS,193.000000000
FRA,EURO,2024,BOTH,GTEQ_50_YEARS,27566905.000000000
FRA,EURO,2024,BOTH,GTEQ_55_YEARS,23169205.000000000
FRA,EURO,2024,BOTH,GTEQ_60_YEARS,18913751.000000000
FRA,EURO,2024,BOTH,GTEQ_65_YEARS,14738222.000000000
FRA,EURO,2024,BOTH,GTEQ_75_YEARS,7194218.000000000
FRO,EURO,2024,BOTH,GTEQ_50_YEARS,19829.000000000
FRO,EURO,2024,BOTH,GTEQ_55_YEARS,16487.000000000
FRO,EURO,2024,BOTH,GTEQ_60_YEARS,12982.000000000
FRO,EURO,2024,BOTH,GTEQ_65_YEARS,9832.000000000
FRO,EURO,2024,BOTH,GTEQ_75_YEARS,4479.000000000
FSM,WPRO,2024,BOTH,GTEQ_50_YEARS,19397.000000000
FSM,WPRO,2024,BOTH,GTEQ_55_YEARS,14848.000000000
FSM,WPRO,2024,BOTH,GTEQ_60_YEARS,10572.000000000
FSM,WPRO,2024,BOTH,GTEQ_65_YEARS,6741.000000000
FSM,WPRO,2024,BOTH,GTEQ_75_YEARS,1614.000000000
GAB,AFRO,2024,BOTH,GTEQ_50_YEARS,329529.000000000
GAB,AFRO,2024,BOTH,GTEQ_55_YEARS,233089.000000000
GAB,AFRO,2024,BOTH,GTEQ_60_YEARS,159443.000000000
GAB,AFRO,2024,BOTH,GTEQ_65_YEARS,103661.000000000
GAB,AFRO,2024,BOTH,GTEQ_75_YEARS,34434.000000000
GBR,EURO,2024,BOTH,GTEQ_50_YEARS,26749032.000000000
GBR,EURO,2024,BOTH,GTEQ_55_YEARS,22201658.000000000
GBR,EURO,2024,BOTH,GTEQ_60_YEARS,17643730.000000000
GBR,EURO,2024,BOTH,GTEQ_65_YEARS,13481795.000000000
GBR,EURO,2024,BOTH,GTEQ_75_YEARS,6603225.000000000
GEO,EURO,2024,BOTH,GTEQ_50_YEARS,1290928.000000000
GEO,EURO,2024,BOTH,GTEQ_55_YEARS,1061606.000000000
GEO,EURO,2024,BOTH,GTEQ_60_YEARS,837794.000000000
GEO,EURO,2024,BOTH,GTEQ_65_YEARS,595440.000000000
GEO,EURO,2024,BOTH,GTEQ_75_YEARS,228144.000000000
GGY,,2024,BOTH,GTEQ_50_YEARS,28325.000000000
GGY,,2024,BOTH,GTEQ_55_YEARS,23625.000000000
GGY,,2024,BOTH,GTEQ_60_YEARS,18673.000000000
GGY,,2024,BOTH,GTEQ_65_YEARS,13978.000000000
GGY,,2024,BOTH,GTEQ_75_YEARS,6876.000000000
GHA,AFRO,2024,BOTH,GTEQ_50_YEARS,4453335.000000000
GHA,AFRO,2024,BOTH,GTEQ_55_YEARS,3157382.000000000
GHA,AFRO,2024,BOTH,GTEQ_60_YEARS,2094322.000000000
GHA,AFRO,2024,BOTH,GTEQ_65_YEARS,1276692.000000000
GHA,AFRO,2024,BOTH,GTEQ_75_YEARS,390407.000000000
GIB,,2024,BOTH,GTEQ_50_YEARS,14228.000000000
GIB,,2024,BOTH,GTEQ_55_YEARS,11742.000000000
GIB,,2024,BOTH,GTEQ_60_YEARS,9227.000000000
GIB,,2024,BOTH,GTEQ_65_YEARS,6938.000000000
GIB,,2024,BOTH,GTEQ_75_YEARS,3253.000000000
GIN,AFRO,2024,BOTH,GTEQ_50_YEARS,1533913.000000000
GIN,AFRO,2024,BOTH,GTEQ_55_YEARS,1127778.000000000
GIN,AFRO,2024,BOTH,GTEQ_60_YEARS,784774.000000000
GIN,AFRO,2024,BOTH,GTEQ_65_YEARS,509803.000000000
GIN,AFRO,2024,BOTH,GTEQ_75_YEARS,160960.000000000
GLP,AMRO,2024,BOTH,GTEQ_50_YEARS,177552.000000000
GLP,AMRO,2024,BOTH,GTEQ_55_YEARS,149926.000000000
GLP,AMRO,2024,BOTH,GTEQ_60_YEARS,120131.000000000
GLP,AMRO,2024,BOTH,GTEQ_65_YEARS,89705.000000000
GLP,AMRO,2024,BOTH,GTEQ_75_YEARS,40629.000000000
GMB,AFRO,2024,BOTH,GTEQ_50_YEARS,298354.000000000
GMB,AFRO,2024,BOTH,GTEQ_55_YEARS,216276.000000000
GMB,AFRO,2024,BOTH,GTEQ_60_YEARS,142877.000000000
GMB,AFRO,2024,BOTH,GTEQ_65_YEARS,84965.000000000
GMB,AFRO,2024,BOTH,GTEQ_75_YEARS,23687.000000000
GNB,AFRO,2024,BOTH,GTEQ_50_YEARS,229218.000000000
GNB,AFRO,2024,BOTH,GTEQ_55_YEARS,158406.000000000
GNB,AFRO,2024,BOTH,GTEQ_60_YEARS,108750.000000000
GNB,AFRO,2024,BOTH,GTEQ_65_YEARS,70271.000000000
GNB,AFRO,2024,BOTH,GTEQ_75_YEARS,19305.000000000
GNQ,AFRO,2024,BOTH,GTEQ_50_YEARS,245224.000000000
GNQ,AFRO,2024,BOTH,GTEQ_55_YEARS,172892.000000000
GNQ,AFRO,2024,BOTH,GTEQ_60_YEARS,115428.000000000
GNQ,AFRO,2024,BOTH,GTEQ_65_YEARS,69805.000000000
GNQ,AFRO,2024,BOTH,GTEQ_75_YEARS,18624.000000000
GRC,EURO,2024,BOTH,GTEQ_50_YEARS,4603632.000000000
GRC,EURO,2024,BOTH,GTEQ_55_YEARS,3834666.000000000
GRC,EURO,2024,BOTH,GTEQ_60_YEARS,3081668.000000000
GRC,EURO,2024,BOTH,GTEQ_65_YEARS,2405434.000000000
GRC,EURO,2024,BOTH,GTEQ_75_YEARS,1231773.000000000
GRD,AMRO,2024,BOTH,GTEQ_50_YEARS,32879.000000000
GRD,AMRO,2024,BOTH,GTEQ_55_YEARS,26809.000000000
GRD,AMRO,2024,BOTH,GTEQ_60_YEARS,20674.000000000
GRD,AMRO,2024,BOTH,GTEQ_65_YEARS,14355.000000000
GRD,AMRO,2024,BOTH,GTEQ_75_YEARS,5821.000000000
GRL,,2024,BOTH,GTEQ_50_YEARS,17727.000000000
GRL,,2024,BOTH,GTEQ_55_YEARS,14721.000000000
GRL,,2024,BOTH,GTEQ_60_YEARS,10168.000000000
GRL,,2024,BOTH,GTEQ_65_YEARS,6043.000000000
GRL,,2024,BOTH,GTEQ_75_YEARS,1612.000000000
GTM,AMRO,2024,BOTH,GTEQ_50_YEARS,2474520.000000000
GTM,AMRO,2024,BOTH,GTEQ_55_YEARS,1834277.000000000
GTM,AMRO,2024,BOTH,GTEQ_60_YEARS,1315832.000000000
GTM,AMRO,2024,BOTH,GTEQ_65_YEARS,892596.000000000
GTM,AMRO,2024,BOTH,GTEQ_75_YEARS,296712.000000000
GUF,AMRO,2024,BOTH,GTEQ_50_YEARS,62939.000000000
GUF,AMRO,2024,BOTH,GTEQ_55_YEARS,46975.000000000
GUF,AMRO,2024,BOTH,GTEQ_60_YEARS,33188.000000000
GUF,AMRO,2024,BOTH,GTEQ_65_YEARS,21715.000000000
GUF,AMRO,2024,BOTH,GTEQ_75_YEARS,7412.000000000
GUM,WPRO,2024,BOTH,GTEQ_50_YEARS,50093.000000000
GUM,WPRO,2024,BOTH,GTEQ_55_YEARS,40163.000000000
GUM,WPRO,2024,BOTH,GTEQ_60_YEARS,30338.000000000
GUM,WPRO,2024,BOTH,GTEQ_65_YEARS,21152.000000000
GUM,WPRO,2024,BOTH,GTEQ_75_YEARS,7805.000000000
GUY,AMRO,2024,BOTH,GTEQ_50_YEARS,167035.000000000
GUY,AMRO,2024,BOTH,GTEQ_55_YEARS,125009.000000000
GUY,AMRO,2024,BOTH,GTEQ_60_YEARS,87419.000000000
GUY,AMRO,2024,BOTH,GTEQ_65_YEARS,55981.000000000
GUY,AMRO,2024,BOTH,GTEQ_75_YEARS,17867.000000000
HKG,WPRO,2024,BOTH,GTEQ_50_YEARS,3457742.000000000
HKG,WPRO,2024,BOTH,GTEQ_55_YEARS,2878232.000000000
HKG,WPRO,2024,BOTH,GTEQ_60_YEARS,2306472.000000000
HKG,WPRO,2024,BOTH,GTEQ_65_YEARS,1680759.000000000
HKG,WPRO,2024,BOTH,GTEQ_75_YEARS,686051.000000000
HND,AMRO,2024,BOTH,GTEQ_50_YEARS,1499490.000000000
HND,AMRO,2024,BOTH,GTEQ_55_YEARS,1067818.000000000
HND,AMRO,2024,BOTH,GTEQ_60_YEARS,736718.000000000
HND,AMRO,2024,BOTH,GTEQ_65_YEARS,478258.000000000
HND,AMRO,2024,BOTH,GTEQ_75_YEARS,136234.000000000
HRV,EURO,2024,BOTH,GTEQ_50_YEARS,1720510.000000000
HRV,EURO,2024,BOTH,GTEQ_55_YEARS,1457572.000000000
HRV,EURO,2024,BOTH,GTEQ_60_YEARS,1180256.000000000
HRV,EURO,2024,BOTH,GTEQ_65_YEARS,898610.000000000
HRV,EURO,2024,BOTH,GTEQ_75_YEARS,385055.000000000
HTI,AMRO,2024,BOTH,GTEQ_50_YEARS,1733854.000000000
HTI,AMRO,2024,BOTH,GTEQ_55_YEARS,1253607.000000000
HTI,AMRO,2024,BOTH,GTEQ_60_YEARS,863200.000000000
HTI,AMRO,2024,BOTH,GTEQ_65_YEARS,553933.000000000
HTI,AMRO,2024,BOTH,GTEQ_75_YEARS,161127.000000000
HUN,EURO,2024,BOTH,GTEQ_50_YEARS,3931408.000000000
HUN,EURO,2024,BOTH,GTEQ_55_YEARS,3204991.000000000
HUN,EURO,2024,BOTH,GTEQ_60_YEARS,2574618.000000000
HUN,EURO,2024,BOTH,GTEQ_65_YEARS,2031338.000000000
HUN,EURO,2024,BOTH,GTEQ_75_YEARS,866539.000000000
IDN,SEARO,2024,BOTH,GTEQ_50_YEARS,64731615.000000000
IDN,SEARO,2024,BOTH,GTEQ_55_YEARS,47487465.000000000
IDN,SEARO,2024,BOTH,GTEQ_60_YEARS,32573758.000000000
IDN,SEARO,2024,BOTH,GTEQ_65_YEARS,20662316.000000000
IDN,SEARO,2024,BOTH,GTEQ_75_YEARS,6438723.000000000
IMN,,2024,BOTH,GTEQ_50_YEARS,38742.000000000
IMN,,2024,BOTH,GTEQ_55_YEARS,32336.000000000
IMN,,2024,BOTH,GTEQ_60_YEARS,25745.000000000
IMN,,2024,BOTH,GTEQ_65_YEARS,19496.000000000
IMN,,2024,BOTH,GTEQ_75_YEARS,9572.000000000
IND,SEARO,2024,BOTH,GTEQ_50_YEARS,295449612.000000000
IND,SEARO,2024,BOTH,GTEQ_55_YEARS,220333128.000000000
IND,SEARO,2024,BOTH,GTEQ_60_YEARS,156667127.000000000
IND,SEARO,2024,BOTH,GTEQ_65_YEARS,103691380.000000000
IND,SEARO,2024,BOTH,GTEQ_75_YEARS,32355675.000000000
IRL,EURO,2024,BOTH,GTEQ_50_YEARS,1801245.000000000
IRL,EURO,2024,BOTH,GTEQ_55_YEARS,1441538.000000000
IRL,EURO,2024,BOTH,GTEQ_60_YEARS,1124568.000000000
IRL,EURO,2024,BOTH,GTEQ_65_YEARS,835143.000000000
IRL,EURO,2024,BOTH,GTEQ_75_YEARS,370995.000000000
IRN,EMRO,2024,BOTH,GTEQ_50_YEARS,20909669.000000000
IRN,EMRO,2024,BOTH,GTEQ_55_YEARS,15566491.000000000
IRN,EMRO,2024,BOTH,GTEQ_60_YEARS,11195067.000000000
IRN,EMRO,2024,BOTH,GTEQ_65_YEARS,7544287.000000000
IRN,EMRO,2024,BOTH,GTEQ_75_YEARS,2413912.000000000
IRQ,EMRO,2024,BOTH,GTEQ_50_YEARS,5641562.000000000
IRQ,EMRO,2024,BOTH,GTEQ_55_YEARS,3883629.000000000
IRQ,EMRO,2024,BOTH,GTEQ_60_YEARS,2511689.000000000
IRQ,EMRO,2024,BOTH,GTEQ_65_YEARS,1572062.000000000
IRQ,EMRO,2024,BOTH,GTEQ_75_YEARS,478918.000000000
ISL,EURO,2024,BOTH,GTEQ_50_YEARS,128294.000000000
ISL,EURO,2024,BOTH,GTEQ_55_YEARS,105107.000000000
ISL,EURO,2024,BOTH,GTEQ_60_YEARS,83024.000000000
ISL,EURO,2024,BOTH,GTEQ_65_YEARS,61555.000000000
ISL,EURO,2024,BOTH,GTEQ_75_YEARS,26260.000000000
ISR,EURO,2024,BOTH,GTEQ_50_YEARS,2435043.000000000
ISR,EURO,2024,BOTH,GTEQ_55_YEARS,1951218.000000000
ISR,EURO,2024,BOTH,GTEQ_60_YEARS,1547509.000000000
ISR,EURO,2024,BOTH,GTEQ_65_YEARS,1178331.000000000
ISR,EURO,2024,BOTH,GTEQ_75_YEARS,519098.000000000
ITA,EURO,2024,BOTH,GTEQ_50_YEARS,28604835.000000000
ITA,EURO,2024,BOTH,GTEQ_55_YEARS,23852739.000000000
ITA,EURO,2024,BOTH,GTEQ_60_YEARS,19020413.000000000
ITA,EURO,2024,BOTH,GTEQ_65_YEARS,14613058.000000000
ITA,EURO,2024,BOTH,GTEQ_75_YEARS,7582208.000000000
JAM,AMRO,2024,BOTH,GTEQ_50_YEARS,691354.000000000
JAM,AMRO,2024,BOTH,GTEQ_55_YEARS,522197.000000000
JAM,AMRO,2024,BOTH,GTEQ_60_YEARS,368525.000000000
JAM,AMRO,2024,BOTH,GTEQ_65_YEARS,233094.000000000
JAM,AMRO,2024,BOTH,GTEQ_75_YEARS,74475.000000000
JEY,,2024,BOTH,GTEQ_50_YEARS,43520.000000000
JEY,,2024,BOTH,GTEQ_55_YEARS,35677.000000000
JEY,,2024,BOTH,GTEQ_60_YEARS,27189.000000000
JEY,,2024,BOTH,GTEQ_65_YEARS,19716.000000000
JEY,,2024,BOTH,GTEQ_75_YEARS,9014.000000000
JOR,EMRO,2024,BOTH,GTEQ_50_YEARS,1833700.000000000
JOR,EMRO,2024,BOTH,GTEQ_55_YEARS,1290383.000000000
JOR,EMRO,2024,BOTH,GTEQ_60_YEARS,845618.000000000
JOR,EMRO,2024,BOTH,GTEQ_65_YEARS,522563.000000000
JOR,EMRO,2024,BOTH,GTEQ_75_YEARS,162096.000000000
JPN,WPRO,2024,BOTH,GTEQ_50_YEARS,62648895.000000000
JPN,WPRO,2024,BOTH,GTEQ_55_YEARS,52784246.000000000
JPN,WPRO,2024,BOTH,GTEQ_60_YEARS,44439968.000000000
JPN,WPRO,2024,BOTH,GTEQ_65_YEARS,36854615.000000000
JPN,WPRO,2024,BOTH,GTEQ_75_YEARS,21305133.000000000
KAZ,EURO,2024,BOTH,GTEQ_50_YEARS,4792447.000000000
KAZ,EURO,2024,BOTH,GTEQ_55_YEARS,3709295.000000000
KAZ,EURO,2024,BOTH,GTEQ_60_YEARS,2714663.000000000
KAZ,EURO,2024,BOTH,GTEQ_65_YEARS,1781931.000000000
KAZ,EURO,2024,BOTH,GTEQ_75_YEARS,525856.000000000
KEN,AFRO,2024,BOTH,GTEQ_50_YEARS,5994048.000000000
KEN,AFRO,2024,BOTH,GTEQ_55_YEARS,4149317.000000000
KEN,AFRO,2024,BOTH,GTEQ_60_YEARS,2716797.000000000
KEN,AFRO,2024,BOTH,GTEQ_65_YEARS,1673908.000000000
KEN,AFRO,2024,BOTH,GTEQ_75_YEARS,554937.000000000
KGZ,EURO,2024,BOTH,GTEQ_50_YEARS,1308882.000000000
KGZ,EURO,2024,BOTH,GTEQ_55_YEARS,978932.000000000
KGZ,EURO,2024,BOTH,GTEQ_60_YEARS,679428.000000000
KGZ,EURO,2024,BOTH,GTEQ_65_YEARS,408312.000000000
KGZ,EURO,2024,BOTH,GTEQ_75_YEARS,96612.000000000
KHM,WPRO,2024,BOTH,GTEQ_50_YEARS,3156150.000000000
KHM,WPRO,2024,BOTH,GTEQ_55_YEARS,2409549.000000000
KHM,WPRO,2024,BOTH,GTEQ_60_YEARS,1695778.000000000
KHM,WPRO,2024,BOTH,GTEQ_65_YEARS,1087212.000000000
KHM,WPRO,2024,BOTH,GTEQ_75_YEARS,325560.000000000
KIR,WPRO,2024,BOTH,GTEQ_50_YEARS,19842.000000000
KIR,WPRO,2024,BOTH,GTEQ_55_YEARS,14793.000000000
KIR,WPRO,2024,BOTH,GTEQ_60_YEARS,9708.000000000
KIR,WPRO,2024,BOTH,GTEQ_65_YEARS,5704.000000000
KIR,WPRO,2024,BOTH,GTEQ_75_YEARS,1664.000000000
KNA,AMRO,2024,BOTH,GTEQ_50_YEARS,14028.000000000
KNA,AMRO,2024,BOTH,GTEQ_55_YEARS,10953.000000000
KNA,AMRO,2024,BOTH,GTEQ_60_YEARS,8022.000000000
KNA,AMRO,2024,BOTH,GTEQ_65_YEARS,5266.000000000
KNA,AMRO,2024,BOTH,GTEQ_75_YEARS,1501.000000000
KOR,WPRO,2024,BOTH,GTEQ_50_YEARS,22818453.000000000
KOR,WPRO,2024,BOTH,GTEQ_55_YEARS,18394452.000000000
KOR,WPRO,2024,BOTH,GTEQ_60_YEARS,14179185.000000000
KOR,WPRO,2024,BOTH,GTEQ_65_YEARS,9967805.000000000
KOR,WPRO,2024,BOTH,GTEQ_75_YEARS,4153076.000000000
KWT,EMRO,2024,BOTH,GTEQ_50_YEARS,873272.000000000
KWT,EMRO,2024,BOTH,GTEQ_55_YEARS,525871.000000000
KWT,EMRO,2024,BOTH,GTEQ_60_YEARS,289338.000000000
KWT,EMRO,2024,BOTH,GTEQ_65_YEARS,153215.000000000
KWT,EMRO,2024,BOTH,GTEQ_75_YEARS,38966.000000000
LAO,WPRO,2024,BOTH,GTEQ_50_YEARS,1178930.000000000
LAO,WPRO,2024,BOTH,GTEQ_55_YEARS,853959.000000000
LAO,WPRO,2024,BOTH,GTEQ_60_YEARS,581992.000000000
LAO,WPRO,2024,BOTH,GTEQ_65_YEARS,362532.000000000
LAO,WPRO,2024,BOTH,GTEQ_75_YEARS,102822.000000000
LBN,EMRO,2024,BOTH,GTEQ_50_YEARS,1488105.000000000
LBN,EMRO,2024,BOTH,GTEQ_55_YEARS,1170002.000000000
LBN,EMRO,2024,BOTH,GTEQ_60_YEARS,853679.000000000
LBN,EMRO,2024,BOTH,GTEQ_65_YEARS,588652.000000000
LBN,EMRO,2024,BOTH,GTEQ_75_YEARS,218345.000000000
LBR,AFRO,2024,BOTH,GTEQ_50_YEARS,619351.000000000
LBR,AFRO,2024,BOTH,GTEQ_55_YEARS,441682.000000000
LBR,AFRO,2024,BOTH,GTEQ_60_YEARS,297591.000000000
LBR,AFRO,2024,BOTH,GTEQ_65_YEARS,185512.000000000
LBR,AFRO,2024,BOTH,GTEQ_75_YEARS,52342.000000000
LBY,EMRO,2024,BOTH,GTEQ_50_YEARS,1384612.000000000
LBY,EMRO,2024,BOTH,GTEQ_55_YEARS,932688.000000000
LBY,EMRO,2024,BOTH,GTEQ_60_YEARS,602389.000000000
LBY,EMRO,2024,BOTH,GTEQ_65_YEARS,370478.000000000
LBY,EMRO,2024,BOTH,GTEQ_75_YEARS,129273.000000000
LCA,AMRO,2024,BOTH,GTEQ_50_YEARS,50124.000000000
LCA,AMRO,2024,BOTH,GTEQ_55_YEARS,38147.000000000
LCA,AMRO,2024,BOTH,GTEQ_60_YEARS,26758.000000000
LCA,AMRO,2024,BOTH,GTEQ_65_YEARS,17291.000000000
LCA,AMRO,2024,BOTH,GTEQ_75_YEARS,5922.000000000
LIE,,2024,BOTH,GTEQ_50_YEARS,17513.000000000
LIE,,2024,BOTH,GTEQ_55_YEARS,14526.000000000
LIE,,2024,BOTH,GTEQ_60_YEARS,11330.000000000
LIE,,2024,BOTH,GTEQ_65_YEARS,8272.000000000
LIE,,2024,BOTH,GTEQ_75_YEARS,3739.000000000
LKA,SEARO,2024,BOTH,GTEQ_50_YEARS,6575078.000000000
LKA,SEARO,2024,BOTH,GTEQ_55_YEARS,5241575.000000000
LKA,SEARO,2024,BOTH,GTEQ_60_YEARS,3966009.000000000
LKA,SEARO,2024,BOTH,GTEQ_65_YEARS,2796451.000000000
LKA,SEARO,2024,BOTH,GTEQ_75_YEARS,992087.000000000
LSO,AFRO,2024,BOTH,GTEQ_50_YEARS,251291.000000000
LSO,AFRO,2024,BOTH,GTEQ_55_YEARS,189146.000000000
LSO,AFRO,2024,BOTH,GTEQ_60_YEARS,136067.000000000
LSO,AFRO,2024,BOTH,GTEQ_65_YEARS,90152.000000000
LSO,AFRO,2024,BOTH,GTEQ_75_YEARS,30287.000000000
LTU,EURO,2024,BOTH,GTEQ_50_YEARS,1179423.000000000
LTU,EURO,2024,BOTH,GTEQ_55_YEARS,982185.000000000
LTU,EURO,2024,BOTH,GTEQ_60_YEARS,784774.000000000
LTU,EURO,2024,BOTH,GTEQ_65_YEARS,576590.000000000
LTU,EURO,2024,BOTH,GTEQ_75_YEARS,264519.000000000
LUX,EURO,2024,BOTH,GTEQ_50_YEARS,238926.000000000
LUX,EURO,2024,BOTH,GTEQ_55_YEARS,191803.000000000
LUX,EURO,2024,BOTH,GTEQ_60_YEARS,144957.000000000
LUX,EURO,2024,BOTH,GTEQ_65_YEARS,104170.000000000
LUX,EURO,2024,BOTH,GTEQ_75_YEARS,46498.000000000
LVA,EURO,2024,BOTH,GTEQ_50_YEARS,794242.000000000
LVA,EURO,2024,BOTH,GTEQ_55_YEARS,664193.000000000
LVA,EURO,2024,BOTH,GTEQ_60_YEARS,539658.000000000
LVA,EURO,2024,BOTH,GTEQ_65_YEARS,406875.000000000
LVA,EURO,2024,BOTH,GTEQ_75_YEARS,189197.000000000
MAC,WPRO,2024,BOTH,GTEQ_50_YEARS,252013.000000000
MAC,WPRO,2024,BOTH,GTEQ_55_YEARS,197706.000000000
MAC,WPRO,2024,BOTH,GTEQ_60_YEARS,152103.000000000
MAC,WPRO,2024,BOTH,GTEQ_65_YEARS,102779.000000000
MAC,WPRO,2024,BOTH,GTEQ_75_YEARS,30303.000000000
MAF,,2024,BOTH,GTEQ_50_YEARS,10579.000000000
MAF,,2024,BOTH,GTEQ_55_YEARS,8739.000000000
MAF,,2024,BOTH,GTEQ_60_YEARS,6744.000000000
MAF,,2024,BOTH,GTEQ_65_YEARS,4819.000000000
MAF,,2024,BOTH,GTEQ_75_YEARS,2014.000000000
MAR,EMRO,2024,BOTH,GTEQ_50_YEARS,8573833.000000000
MAR,EMRO,2024,BOTH,GTEQ_55_YEARS,6511774.000000000
MAR,EMRO,2024,BOTH,GTEQ_60_YEARS,4700992.000000000
MAR,EMRO,2024,BOTH,GTEQ_65_YEARS,3099305.000000000
MAR,EMRO,2024,BOTH,GTEQ_75_YEARS,920361.000000000
MCO,EURO,2024,BOTH,GTEQ_50_YEARS,21296.000000000
MCO,EURO,2024,BOTH,GTEQ_55_YEARS,19343.000000000
MCO,EURO,2024,BOTH,GTEQ_60_YEARS,16802.000000000
MCO,EURO,2024,BOTH,GTEQ_65_YEARS,13982.000000000
MCO,EURO,2024,BOTH,GTEQ_75_YEARS,8842.000000000
MDA,EURO,2024,BOTH,GTEQ_50_YEARS,1059321.000000000
MDA,EURO,2024,BOTH,GTEQ_55_YEARS,875834.000000000
MDA,EURO,2024,BOTH,GTEQ_60_YEARS,698626.000000000
MDA,EURO,2024,BOTH,GTEQ_65_YEARS,492022.000000000
MDA,EURO,2024,BOTH,GTEQ_75_YEARS,148141.000000000
MDG,AFRO,2024,BOTH,GTEQ_50_YEARS,3545921.000000000
MDG,AFRO,2024,BOTH,GTEQ_55_YEARS,2510955.000000000
MDG,AFRO,2024,BOTH,GTEQ_60_YEARS,1715056.000000000
MDG,AFRO,2024,BOTH,GTEQ_65_YEARS,1088465.000000000
MDG,AFRO,2024,BOTH,GTEQ_75_YEARS,280406.000000000
MDV,SEARO,2024,BOTH,GTEQ_50_YEARS,83212.000000000
MDV,SEARO,2024,BOTH,GTEQ_55_YEARS,58254.000000000
MDV,SEARO,2024,BOTH,GTEQ_60_YEARS,39500.000000000
MDV,SEARO,2024,BOTH,GTEQ_65_YEARS,24498.000000000
MDV,SEARO,2024,BOTH,GTEQ_75_YEARS,8296.000000000
MEX,AMRO,2024,BOTH,GTEQ_50_YEARS,29552113.000000000
MEX,AMRO,2024,BOTH,GTEQ_55_YEARS,22241460.000000000
MEX,AMRO,2024,BOTH,GTEQ_60_YEARS,15953429.000000000
MEX,AMRO,2024,BOTH,GTEQ_65_YEARS,10794172.000000000
MEX,AMRO,2024,BOTH,GTEQ_75_YEARS,3990056.000000000
MHL,WPRO,2024,BOTH,GTEQ_50_YEARS,6232.000000000
MHL,WPRO,2024,BOTH,GTEQ_55_YEARS,4406.000000000
MHL,WPRO,2024,BOTH,GTEQ_60_YEARS,2888.000000000
MHL,WPRO,2024,BOTH,GTEQ_65_YEARS,1749.000000000
MHL,WPRO,2024,BOTH,GTEQ_75_YEARS,380.000000000
MKD,EURO,2024,BOTH,GTEQ_50_YEARS,697828.000000000
MKD,EURO,2024,BOTH,GTEQ_55_YEARS,574816.000000000
MKD,EURO,2024,BOTH,GTEQ_60_YEARS,450098.000000000
MKD,EURO,2024,BOTH,GTEQ_65_YEARS,328604.000000000
MKD,EURO,2024,BOTH,GTEQ_75_YEARS,120023.000000000
MLI,AFRO,2024,BOTH,GTEQ_50_YEARS,1947041.000000000
MLI,AFRO,2024,BOTH,GTEQ_55_YEARS,1343348.000000000
MLI,AFRO,2024,BOTH,GTEQ_60_YEARS,907599.000000000
MLI,AFRO,2024,BOTH,GTEQ_65_YEARS,583581.000000000
MLI,AFRO,2024,BOTH,GTEQ_75_YEARS,166021.000000000
MLT,EURO,2024,BOTH,GTEQ_50_YEARS,202228.000000000
MLT,EURO,2024,BOTH,GTEQ_55_YEARS,169408.000000000
MLT,EURO,2024,BOTH,GTEQ_60_YEARS,140340.000000000
MLT,EURO,2024,BOTH,GTEQ_65_YEARS,109075.000000000
MLT,EURO,2024,BOTH,GTEQ_75_YEARS,51096.000000000
MMR,SEARO,2024,BOTH,GTEQ_50_YEARS,12117260.000000000
MMR,SEARO,2024,BOTH,GTEQ_55_YEARS,8959698.000000000
MMR,SEARO,2024,BOTH,GTEQ_60_YEARS,6220647.000000000
MMR,SEARO,2024,BOTH,GTEQ_65_YEARS,3980926.000000000
MMR,SEARO,2024,BOTH,GTEQ_75_YEARS,1081785.000000000
MNE,EURO,2024,BOTH,GTEQ_50_YEARS,235846.000000000
MNE,EURO,2024,BOTH,GTEQ_55_YEARS,195120.000000000
MNE,EURO,2024,BOTH,GTEQ_60_YEARS,154799.000000000
MNE,EURO,2024,BOTH,GTEQ_65_YEARS,113865.000000000
MNE,EURO,2024,BOTH,GTEQ_75_YEARS,43657.000000000
MNG,WPRO,2024,BOTH,GTEQ_50_YEARS,638983.000000000
MNG,WPRO,2024,BOTH,GTEQ_55_YEARS,457897.000000000
MNG,WPRO,2024,BOTH,GTEQ_60_YEARS,304112.000000000
MNG,WPRO,2024,BOTH,GTEQ_65_YEARS,178569.000000000
MNG,WPRO,2024,BOTH,GTEQ_75_YEARS,51813.000000000
MNP,WPRO,2024,BOTH,GTEQ_50_YEARS,15136.000000000
MNP,WPRO,2024,BOTH,GTEQ_55_YEARS,11320.000000000
MNP,WPRO,2024,BOTH,GTEQ_60_YEARS,7425.000000000
MNP,WPRO,2024,BOTH,GTEQ_65_YEARS,4324.000000000
MNP,WPRO,2024,BOTH,GTEQ_75_YEARS,931.000000000
MOZ,AFRO,2024,BOTH,GTEQ_50_YEARS,2969201.000000000
MOZ,AFRO,2024,BOTH,GTEQ_55_YEARS,2072210.000000000
MOZ,AFRO,2024,BOTH,GTEQ_60_YEARS,1430749.000000000
MOZ,AFRO,2024,BOTH,GTEQ_65_YEARS,953678.000000000
MOZ,AFRO,2024,BOTH,GTEQ_75_YEARS,253500.000000000
MRT,AFRO,2024,BOTH,GTEQ_50_YEARS,537735.000000000
MRT,AFRO,2024,BOTH,GTEQ_55_YEARS,384531.000000000
MRT,AFRO,2024,BOTH,GTEQ_60_YEARS,262030.000000000
MRT,AFRO,2024,BOTH,GTEQ_65_YEARS,166899.000000000
MRT,AFRO,2024,BOTH,GTEQ_75_YEARS,50642.000000000
MSR,AMRO,2024,BOTH,GTEQ_50_YEARS,1801.000000000
MSR,AMRO,2024,BOTH,GTEQ_55_YEARS,1505.000000000
MSR,AMRO,2024,BOTH,GTEQ_60_YEARS,1176.000000000
MSR,AMRO,2024,BOTH,GTEQ_65_YEARS,859.000000000
MSR,AMRO,2024,BOTH,GTEQ_75_YEARS,344.000000000
MTQ,AMRO,2024,BOTH,GTEQ_50_YEARS,172837.000000000
MTQ,AMRO,2024,BOTH,GTEQ_55_YEARS,147332.000000000
MTQ,AMRO,2024,BOTH,GTEQ_60_YEARS,117616.000000000
MTQ,AMRO,2024,BOTH,GTEQ_65_YEARS,86869.000000000
MTQ,AMRO,2024,BOTH,GTEQ_75_YEARS,39067.000000000
MUS,AFRO,2024,BOTH,GTEQ_50_YEARS,415860.000000000
MUS,AFRO,2024,BOTH,GTEQ_55_YEARS,335952.000000000
MUS,AFRO,2024,BOTH,GTEQ_60_YEARS,252409.000000000
MUS,AFRO,2024,BOTH,GTEQ_65_YEARS,171946.000000000
MUS,AFRO,2024,BOTH,GTEQ_75_YEARS,57203.000000000
MWI,AFRO,2024,BOTH,GTEQ_50_YEARS,1791449.000000000
MWI,AFRO,2024,BOTH,GTEQ_55_YEARS,1269212.000000000
MWI,AFRO,2024,BOTH,GTEQ_60_YEARS,866334.000000000
MWI,AFRO,2024,BOTH,GTEQ_65_YEARS,560040.000000000
MWI,AFRO,2024,BOTH,GTEQ_75_YEARS,207083.000000000
MYS,WPRO,2024,BOTH,GTEQ_50_YEARS,7530354.000000000
MYS,WPRO,2024,BOTH,GTEQ_55_YEARS,5694544.000000000
MYS,WPRO,2024,BOTH,GTEQ_60_YEARS,4124411.000000000
MYS,WPRO,2024,BOTH,GTEQ_65_YEARS,2751410.000000000
MYS,WPRO,2024,BOTH,GTEQ_75_YEARS,894506.000000000
MYT,,2024,BOTH,GTEQ_50_YEARS,32384.000000000
MYT,,2024,BOTH,GTEQ_55_YEARS,22394.000000000
MYT,,2024,BOTH,GTEQ_60_YEARS,14443.000000000
MYT,,2024,BOTH,GTEQ_65_YEARS,8906.000000000
MYT,,2024,BOTH,GTEQ_75_YEARS,2784.000000000
NAM,AFRO,2024,BOTH,GTEQ_50_YEARS,367211.000000000
NAM,AFRO,2024,BOTH,GTEQ_55_YEARS,260645.000000000
NAM,AFRO,2024,BOTH,GTEQ_60_YEARS,178883.000000000
NAM,AFRO,2024,BOTH,GTEQ_65_YEARS,111302.000000000
NAM,AFRO,2024,BOTH,GTEQ_75_YEARS,35577.000000000
NCL,WPRO,2024,BOTH,GTEQ_50_YEARS,85620.000000000
NCL,WPRO,2024,BOTH,GTEQ_55_YEARS,65588.000000000
NCL,WPRO,2024,BOTH,GTEQ_60_YEARS,48098.000000000
NCL,WPRO,2024,BOTH,GTEQ_65_YEARS,33447.000000000
NCL,WPRO,2024,BOTH,GTEQ_75_YEARS,13491.000000000
NER,AFRO,2024,BOTH,GTEQ_50_YEARS,2334071.000000000
NER,AFRO,2024,BOTH,GTEQ_55_YEARS,1669775.000000000
NER,AFRO,2024,BOTH,GTEQ_60_YEARS,1129091.000000000
NER,AFRO,2024,BOTH,GTEQ_65_YEARS,701334.000000000
NER,AFRO,2024,BOTH,GTEQ_75_YEARS,181463.000000000
NGA,AFRO,2024,BOTH,GTEQ_50_YEARS,23807198.000000000
NGA,AFRO,2024,BOTH,GTEQ_55_YEARS,16749895.000000000
NGA,AFRO,2024,BOTH,GTEQ_60_YEARS,11294780.000000000
NGA,AFRO,2024,BOTH,GTEQ_65_YEARS,7093620.000000000
NGA,AFRO,2024,BOTH,GTEQ_75_YEARS,1981406.000000000
NIC,AMRO,2024,BOTH,GTEQ_50_YEARS,1138164.000000000
NIC,AMRO,2024,BOTH,GTEQ_55_YEARS,824082.000000000
NIC,AMRO,2024,BOTH,GTEQ_60_YEARS,574348.000000000
NIC,AMRO,2024,BOTH,GTEQ_65_YEARS,382718.000000000
NIC,AMRO,2024,BOTH,GTEQ_75_YEARS,129094.000000000
NIU,WPRO,2024,BOTH,GTEQ_50_YEARS,638.000000000
NIU,WPRO,2024,BOTH,GTEQ_55_YEARS,526.000000000
NIU,WPRO,2024,BOTH,GTEQ_60_YEARS,429.000000000
NIU,WPRO,2024,BOTH,GTEQ_65_YEARS,303.000000000
NIU,WPRO,2024,BOTH,GTEQ_75_YEARS,103.000000000
NLD,EURO,2024,BOTH,GTEQ_50_YEARS,7497338.000000000
NLD,EURO,2024,BOTH,GTEQ_55_YEARS,6268307.000000000
NLD,EURO,2024,BOTH,GTEQ_60_YEARS,4976747.000000000
NLD,EURO,2024,BOTH,GTEQ_65_YEARS,3736187.000000000
NLD,EURO,2024,BOTH,GTEQ_75_YEARS,1737210.000000000
NOR,EURO,2024,BOTH,GTEQ_50_YEARS,2118170.000000000
NOR,EURO,2024,BOTH,GTEQ_55_YEARS,1738646.000000000
NOR,EURO,2024,BOTH,GTEQ_60_YEARS,1371498.000000000
NOR,EURO,2024,BOTH,GTEQ_65_YEARS,1047599.000000000
NOR,EURO,2024,BOTH,GTEQ_75_YEARS,493736.000000000
NPL,SEARO,2024,BOTH,GTEQ_50_YEARS,5250702.000000000
NPL,SEARO,2024,BOTH,GTEQ_55_YEARS,3916752.000000000
NPL,SEARO,2024,BOTH,GTEQ_60_YEARS,2843827.000000000
NPL,SEARO,2024,BOTH,GTEQ_65_YEARS,1928352.000000000
NPL,SEARO,2024,BOTH,GTEQ_75_YEARS,616185.000000000
NRU,WPRO,2024,BOTH,GTEQ_50_YEARS,1366.000000000
NRU,WPRO,2024,BOTH,GTEQ_55_YEARS,969.000000000
NRU,WPRO,2024,BOTH,GTEQ_60_YEARS,618.000000000
NRU,WPRO,2024,BOTH,GTEQ_65_YEARS,347.000000000
NRU,WPRO,2024,BOTH,GTEQ_75_YEARS,52.000000000
NZL,WPRO,2024,BOTH,GTEQ_50_YEARS,1865083.000000000
NZL,WPRO,2024,BOTH,GTEQ_55_YEARS,1532094.000000000
NZL,WPRO,2024,BOTH,GTEQ_60_YEARS,1212726.000000000
NZL,WPRO,2024,BOTH,GTEQ_65_YEARS,896585.000000000
NZL,WPRO,2024,BOTH,GTEQ_75_YEARS,396262.000000000
OMN,EMRO,2024,BOTH,GTEQ_50_YEARS,562133.000000000
OMN,EMRO,2024,BOTH,GTEQ_55_YEARS,356628.000000000
OMN,EMRO,2024,BOTH,GTEQ_60_YEARS,227535.000000000
OMN,EMRO,2024,BOTH,GTEQ_65_YEARS,139659.000000000
OMN,EMRO,2024,BOTH,GTEQ_75_YEARS,49353.000000000
PAK,EMRO,2024,BOTH,GTEQ_50_YEARS,32749431.000000000
PAK,EMRO,2024,BOTH,GTEQ_55_YEARS,24155289.000000000
PAK,EMRO,2024,BOTH,GTEQ_60_YEARS,16847561.000000000
PAK,EMRO,2024,BOTH,GTEQ_65_YEARS,10755906.000000000
PAK,EMRO,2024,BOTH,GTEQ_75_YEARS,3251670.000000000
PAN,AMRO,2024,BOTH,GTEQ_50_YEARS,1093862.000000000
PAN,AMRO,2024,BOTH,GTEQ_55_YEARS,837035.000000000
PAN,AMRO,2024,BOTH,GTEQ_60_YEARS,610057.000000000
PAN,AMRO,2024,BOTH,GTEQ_65_YEARS,422356.000000000
PAN,AMRO,2024,BOTH,GTEQ_75_YEARS,167105.000000000
PER,AMRO,2024,BOTH,GTEQ_50_YEARS,7865261.000000000
PER,AMRO,2024,BOTH,GTEQ_55_YEARS,6003139.000000000
PER,AMRO,2024,BOTH,GTEQ_60_YEARS,4446511.000000000
PER,AMRO,2024,BOTH,GTEQ_65_YEARS,3157673.000000000
PER,AMRO,2024,BOTH,GTEQ_75_YEARS,1280742.000000000
PHL,WPRO,2024,BOTH,GTEQ_50_YEARS,20220400.000000000
PHL,WPRO,2024,BOTH,GTEQ_55_YEARS,14814089.000000000
PHL,WPRO,2024,BOTH,GTEQ_60_YEARS,10174928.000000000
PHL,WPRO,2024,BOTH,GTEQ_65_YEARS,6362066.000000000
PHL,WPRO,2024,BOTH,GTEQ_75_YEARS,1633441.000000000
PLW,WPRO,2024,BOTH,GTEQ_50_YEARS,5864.000000000
PLW,WPRO,2024,BOTH,GTEQ_55_YEARS,4464.000000000
PLW,WPRO,2024,BOTH,GTEQ_60_YEARS,3157.000000000
PLW,WPRO,2024,BOTH,GTEQ_65_YEARS,2015.000000000
PLW,WPRO,2024,BOTH,GTEQ_75_YEARS,557.000000000
PNG,WPRO,2024,BOTH,GTEQ_50_YEARS,1415449.000000000
PNG,WPRO,2024,BOTH,GTEQ_55_YEARS,976683.000000000
PNG,WPRO,2024,BOTH,GTEQ_60_YEARS,627430.000000000
PNG,WPRO,2024,BOTH,GTEQ_65_YEARS,366445.000000000
PNG,WPRO,2024,BOTH,GTEQ_75_YEARS,91882.000000000
POL,EURO,2024,BOTH,GTEQ_50_YEARS,14869007.000000000
POL,EURO,2024,BOTH,GTEQ_55_YEARS,12327439.000000000
POL,EURO,2024,BOTH,GTEQ_60_YEARS,10122339.000000000
POL,EURO,2024,BOTH,GTEQ_65_YEARS,7763117.000000000
POL,EURO,2024,BOTH,GTEQ_75_YEARS,3050234.000000000
PRI,AMRO,2024,BOTH,GTEQ_50_YEARS,1473421.000000000
PRI,AMRO,2024,BOTH,GTEQ_55_YEARS,1256756.000000000
PRI,AMRO,2024,BOTH,GTEQ_60_YEARS,1030468.000000000
PRI,AMRO,2024,BOTH,GTEQ_65_YEARS,801443.000000000
PRI,AMRO,2024,BOTH,GTEQ_75_YEARS,390710.000000000
PRK,SEARO,2024,BOTH,GTEQ_50_YEARS,8921137.000000000
PRK,SEARO,2024,BOTH,GTEQ_55_YEARS,6801427.000000000
PRK,SEARO,2024,BOTH,GTEQ_60_YEARS,4799215.000000000
PRK,SEARO,2024,BOTH,GTEQ_65_YEARS,3285830.000000000
PRK,SEARO,2024,BOTH,GTEQ_75_YEARS,1330572.000000000
PRT,EURO,2024,BOTH,GTEQ_50_YEARS,4812564.000000000
PRT,EURO,2024,BOTH,GTEQ_55_YEARS,4032386.000000000
PRT,EURO,2024,BOTH,GTEQ_60_YEARS,3286560.000000000
PRT,EURO,2024,BOTH,GTEQ_65_YEARS,2557404.000000000
PRT,EURO,2024,BOTH,GTEQ_75_YEARS,1262173.000000000
PRY,AMRO,2024,BOTH,GTEQ_50_YEARS,1280113.000000000
PRY,AMRO,2024,BOTH,GTEQ_55_YEARS,969932.000000000
PRY,AMRO,2024,BOTH,GTEQ_60_YEARS,686884.000000000
PRY,AMRO,2024,BOTH,GTEQ_65_YEARS,453015.000000000
PRY,AMRO,2024,BOTH,GTEQ_75_YEARS,159186.000000000
PSE,EMRO,2024,BOTH,GTEQ_50_YEARS,644395.000000000
PSE,EMRO,2024,BOTH,GTEQ_55_YEARS,470463.000000000
PSE,EMRO,2024,BOTH,GTEQ_60_YEARS,325870.000000000
PSE,EMRO,2024,BOTH,GTEQ_65_YEARS,210907.000000000
PSE,EMRO,2024,BOTH,GTEQ_75_YEARS,67240.000000000
PYF,WPRO,2024,BOTH,GTEQ_50_YEARS,84827.000000000
PYF,WPRO,2024,BOTH,GTEQ_55_YEARS,65568.000000000
PYF,WPRO,2024,BOTH,GTEQ_60_YEARS,47211.000000000
PYF,WPRO,2024,BOTH,GTEQ_65_YEARS,31922.000000000
PYF,WPRO,2024,BOTH,GTEQ_75_YEARS,11663.000000000
QAT,EMRO,2024,BOTH,GTEQ_50_YEARS,361709.000000000
QAT,EMRO,2024,BOTH,GTEQ_55_YEARS,199548.000000000
QAT,EMRO,2024,BOTH,GTEQ_60_YEARS,105453.000000000
QAT,EMRO,2024,BOTH,GTEQ_65_YEARS,51098.000000000
QAT,EMRO,2024,BOTH,GTEQ_75_YEARS,10929.000000000
REU,AFRO,2024,BOTH,GTEQ_50_YEARS,316287.000000000
REU,AFRO,2024,BOTH,GTEQ_55_YEARS,257601.000000000
REU,AFRO,2024,BOTH,GTEQ_60_YEARS,193918.000000000
REU,AFRO,2024,BOTH,GTEQ_65_YEARS,136341.000000000
REU,AFRO,2024,BOTH,GTEQ_75_YEARS,54225.000000000
ROU,EURO,2024,BOTH,GTEQ_50_YEARS,7686721.000000000
ROU,EURO,2024,BOTH,GTEQ_55_YEARS,6206259.000000000
ROU,EURO,2024,BOTH,GTEQ_60_YEARS,4818801.000000000
ROU,EURO,2024,BOTH,GTEQ_65_YEARS,3799411.000000000
ROU,EURO,2024,BOTH,GTEQ_75_YEARS,1540384.000000000
RUS,EURO,2024,BOTH,GTEQ_50_YEARS,52585970.000000000
RUS,EURO,2024,BOTH,GTEQ_55_YEARS,43147843.000000000
RUS,EURO,2024,BOTH,GTEQ_60_YEARS,34713596.000000000
RUS,EURO,2024,BOTH,GTEQ_65_YEARS,24876501.000000000
RUS,EURO,2024,BOTH,GTEQ_75_YEARS,9010054.000000000
RWA,AFRO,2024,BOTH,GTEQ_50_YEARS,1616637.000000000
RWA,AFRO,2024,BOTH,GTEQ_55_YEARS,1202945.000000000
RWA,AFRO,2024,BOTH,GTEQ_60_YEARS,866596.000000000
RWA,AFRO,2024,BOTH,GTEQ_65_YEARS,559733.000000000
RWA,AFRO,2024,BOTH,GTEQ_75_YEARS,154115.000000000
SAU,EMRO,2024,BOTH,GTEQ_50_YEARS,4445860.000000000
SAU,EMRO,2024,BOTH,GTEQ_55_YEARS,2903525.000000000
SAU,EMRO,2024,BOTH,GTEQ_60_YEARS,1766701.000000000
SAU,EMRO,2024,BOTH,GTEQ_65_YEARS,1002198.000000000
SAU,EMRO,2024,BOTH,GTEQ_75_YEARS,315658.000000000
SDN,EMRO,2024,BOTH,GTEQ_50_YEARS,5450429.000000000
SDN,EMRO,2024,BOTH,GTEQ_55_YEARS,3923539.000000000
SDN,EMRO,2024,BOTH,GTEQ_60_YEARS,2669711.000000000
SDN,EMRO,2024,BOTH,GTEQ_65_YEARS,1665687.000000000
SDN,EMRO,2024,BOTH,GTEQ_75_YEARS,430902.000000000
SEN,AFRO,2024,BOTH,GTEQ_50_YEARS,2074909.000000000
SEN,AFRO,2024,BOTH,GTEQ_55_YEARS,1499219.000000000
SEN,AFRO,2024,BOTH,GTEQ_60_YEARS,1031822.000000000
SEN,AFRO,2024,BOTH,GTEQ_65_YEARS,669360.000000000
SEN,AFRO,2024,BOTH,GTEQ_75_YEARS,192328.000000000
SGP,WPRO,2024,BOTH,GTEQ_50_YEARS,1795964.000000000
SGP,WPRO,2024,BOTH,GTEQ_55_YEARS,1439774.000000000
SGP,WPRO,2024,BOTH,GTEQ_60_YEARS,1112847.000000000
SGP,WPRO,2024,BOTH,GTEQ_65_YEARS,796492.000000000
SGP,WPRO,2024,BOTH,GTEQ_75_YEARS,301758.000000000
SHN,AFRO,2024,BOTH,GTEQ_50_YEARS,2750.000000000
SHN,AFRO,2024,BOTH,GTEQ_55_YEARS,2343.000000000
SHN,AFRO,2024,BOTH,GTEQ_60_YEARS,1897.000000000
SHN,AFRO,2024,BOTH,GTEQ_65_YEARS,1421.000000000
SHN,AFRO,2024,BOTH,GTEQ_75_YEARS,627.000000000
SLB,WPRO,2024,BOTH,GTEQ_50_YEARS,102275.000000000
SLB,WPRO,2024,BOTH,GTEQ_55_YEARS,70366.000000000
SLB,WPRO,2024,BOTH,GTEQ_60_YEARS,46895.000000000
SLB,WPRO,2024,BOTH,GTEQ_65_YEARS,29817.000000000
SLB,WPRO,2024,BOTH,GTEQ_75_YEARS,9302.000000000
SLE,AFRO,2024,BOTH,GTEQ_50_YEARS,956215.000000000
SLE,AFRO,2024,BOTH,GTEQ_55_YEARS,675772.000000000
SLE,AFRO,2024,BOTH,GTEQ_60_YEARS,451736.000000000
SLE,AFRO,2024,BOTH,GTEQ_65_YEARS,280246.000000000
SLE,AFRO,2024,BOTH,GTEQ_75_YEARS,79181.000000000
SLV,AMRO,2024,BOTH,GTEQ_50_YEARS,1315932.000000000
SLV,AMRO,2024,BOTH,GTEQ_55_YEARS,1007401.000000000
SLV,AMRO,2024,BOTH,GTEQ_60_YEARS,737358.000000000
SLV,AMRO,2024,BOTH,GTEQ_65_YEARS,516481.000000000
SLV,AMRO,2024,BOTH,GTEQ_75_YEARS,199769.000000000
SMR,EURO,2024,BOTH,GTEQ_50_YEARS,16270.000000000
SMR,EURO,2024,BOTH,GTEQ_55_YEARS,13335.000000000
SMR,EURO,2024,BOTH,GTEQ_60_YEARS,10258.000000000
SMR,EURO,2024,BOTH,GTEQ_65_YEARS,7534.000000000
SMR,EURO,2024,BOTH,GTEQ_75_YEARS,3762.000000000
SOM,EMRO,2024,BOTH,GTEQ_50_YEARS,1614656.000000000
SOM,EMRO,2024,BOTH,GTEQ_55_YEARS,1150604.000000000
SOM,EMRO,2024,BOTH,GTEQ_60_YEARS,781695.000000000
SOM,EMRO,2024,BOTH,GTEQ_65_YEARS,492647.000000000
SOM,EMRO,2024,BOTH,GTEQ_75_YEARS,127301.000000000
SPM,,2024,BOTH,GTEQ_50_YEARS,2633.000000000
SPM,,2024,BOTH,GTEQ_55_YEARS,2142.000000000
SPM,,2024,BOTH,GTEQ_60_YEARS,1613.000000000
SPM,,2024,BOTH,GTEQ_65_YEARS,1141.000000000
SPM,,2024,BOTH,GTEQ_75_YEARS,490.000000000
SRB,EURO,2024,BOTH,GTEQ_50_YEARS,2893049.000000000
SRB,EURO,2024,BOTH,GTEQ_55_YEARS,2433318.000000000
SRB,EURO,2024,BOTH,GTEQ_60_YEARS,1986913.000000000
SRB,EURO,2024,BOTH,GTEQ_65_YEARS,1528189.000000000
SRB,EURO,2024,BOTH,GTEQ_75_YEARS,597435.000000000
SSD,AFRO,2024,BOTH,GTEQ_50_YEARS,1396639.000000000
SSD,AFRO,2024,BOTH,GTEQ_55_YEARS,929838.000000000
SSD,AFRO,2024,BOTH,GTEQ_60_YEARS,595768.000000000
SSD,AFRO,2024,BOTH,GTEQ_65_YEARS,357318.000000000
SSD,AFRO,2024,BOTH,GTEQ_75_YEARS,94251.000000000
STP,AFRO,2024,BOTH,GTEQ_50_YEARS,28801.000000000
STP,AFRO,2024,BOTH,GTEQ_55_YEARS,20655.000000000
STP,AFRO,2024,BOTH,GTEQ_60_YEARS,14336.000000000
STP,AFRO,2024,BOTH,GTEQ_65_YEARS,9194.000000000
STP,AFRO,2024,BOTH,GTEQ_75_YEARS,3218.000000000
SUR,AMRO,2024,BOTH,GTEQ_50_YEARS,146374.000000000
SUR,AMRO,2024,BOTH,GTEQ_55_YEARS,110382.000000000
SUR,AMRO,2024,BOTH,GTEQ_60_YEARS,77667.000000000
SUR,AMRO,2024,BOTH,GTEQ_65_YEARS,50123.000000000
SUR,AMRO,2024,BOTH,GTEQ_75_YEARS,17091.000000000
SVK,EURO,2024,BOTH,GTEQ_50_YEARS,2096547.000000000
SVK,EURO,2024,BOTH,GTEQ_55_YEARS,1708236.000000000
SVK,EURO,2024,BOTH,GTEQ_60_YEARS,1364617.000000000
SVK,EURO,2024,BOTH,GTEQ_65_YEARS,1020818.000000000
SVK,EURO,2024,BOTH,GTEQ_75_YEARS,390890.000000000
SVN,EURO,2024,BOTH,GTEQ_50_YEARS,907358.000000000
SVN,EURO,2024,BOTH,GTEQ_55_YEARS,758499.000000000
SVN,EURO,2024,BOTH,GTEQ_60_YEARS,606777.000000000
SVN,EURO,2024,BOTH,GTEQ_65_YEARS,461297.000000000
SVN,EURO,2024,BOTH,GTEQ_75_YEARS,201057.000000000
SWE,EURO,2024,BOTH,GTEQ_50_YEARS,4149309.000000000
SWE,EURO,2024,BOTH,GTEQ_55_YEARS,3481989.000000000
SWE,EURO,2024,BOTH,GTEQ_60_YEARS,2801237.000000000
SWE,EURO,2024,BOTH,GTEQ_65_YEARS,2200619.000000000
SWE,EURO,2024,BOTH,GTEQ_75_YEARS,1138700.000000000
SWZ,AFRO,2024,BOTH,GTEQ_50_YEARS,155055.000000000
SWZ,AFRO,2024,BOTH,GTEQ_55_YEARS,115188.000000000
SWZ,AFRO,2024,BOTH,GTEQ_60_YEARS,80010.000000000
SWZ,AFRO,2024,BOTH,GTEQ_65_YEARS,52975.000000000
SWZ,AFRO,2024,BOTH,GTEQ_75_YEARS,16553.000000000
SXM,AMRO,2024,BOTH,GTEQ_50_YEARS,16830.000000000
SXM,AMRO,2024,BOTH,GTEQ_55_YEARS,13203.000000000
SXM,AMRO,2024,BOTH,GTEQ_60_YEARS,9316.000000000
SXM,AMRO,2024,BOTH,GTEQ_65_YEARS,6051.000000000
SXM,AMRO,2024,BOTH,GTEQ_75_YEARS,1800.000000000
SYC,AFRO,2024,BOTH,GTEQ_50_YEARS,32773.000000000
SYC,AFRO,2024,BOTH,GTEQ_55_YEARS,24479.000000000
SYC,AFRO,2024,BOTH,GTEQ_60_YEARS,17209.000000000
SYC,AFRO,2024,BOTH,GTEQ_65_YEARS,11146.000000000
SYC,AFRO,2024,BOTH,GTEQ_75_YEARS,3739.000000000
SYR,EMRO,2024,BOTH,GTEQ_50_YEARS,3689515.000000000
SYR,EMRO,2024,BOTH,GTEQ_55_YEARS,2666969.000000000
SYR,EMRO,2024,BOTH,GTEQ_60_YEARS,1823590.000000000
SYR,EMRO,2024,BOTH,GTEQ_65_YEARS,1169920.000000000
SYR,EMRO,2024,BOTH,GTEQ_75_YEARS,357117.000000000
TCA,AMRO,2024,BOTH,GTEQ_50_YEARS,14761.000000000
TCA,AMRO,2024,BOTH,GTEQ_55_YEARS,11008.000000000
TCA,AMRO,2024,BOTH,GTEQ_60_YEARS,7891.000000000
TCA,AMRO,2024,BOTH,GTEQ_65_YEARS,5245.000000000
TCA,AMRO,2024,BOTH,GTEQ_75_YEARS,1955.000000000
TCD,AFRO,2024,BOTH,GTEQ_50_YEARS,1641469.000000000
TCD,AFRO,2024,BOTH,GTEQ_55_YEARS,1108494.000000000
TCD,AFRO,2024,BOTH,GTEQ_60_YEARS,712430.000000000
TCD,AFRO,2024,BOTH,GTEQ_65_YEARS,426402.000000000
TCD,AFRO,2024,BOTH,GTEQ_75_YEARS,109013.000000000
TGO,AFRO,2024,BOTH,GTEQ_50_YEARS,1084999.000000000
TGO,AFRO,2024,BOTH,GTEQ_55_YEARS,755194.000000000
TGO,AFRO,2024,BOTH,GTEQ_60_YEARS,498961.000000000
TGO,AFRO,2024,BOTH,GTEQ_65_YEARS,305778.000000000
TGO,AFRO,2024,BOTH,GTEQ_75_YEARS,75036.000000000
THA,SEARO,2024,BOTH,GTEQ_50_YEARS,26406391.000000000
THA,SEARO,2024,BOTH,GTEQ_55_YEARS,20995444.000000000
THA,SEARO,2024,BOTH,GTEQ_60_YEARS,15738941.000000000
THA,SEARO,2024,BOTH,GTEQ_65_YEARS,11010190.000000000
THA,SEARO,2024,BOTH,GTEQ_75_YEARS,4254168.000000000
TJK,EURO,2024,BOTH,GTEQ_50_YEARS,1465091.000000000
TJK,EURO,2024,BOTH,GTEQ_55_YEARS,1064961.000000000
TJK,EURO,2024,BOTH,GTEQ_60_YEARS,711365.000000000
TJK,EURO,2024,BOTH,GTEQ_65_YEARS,407937.000000000
TJK,EURO,2024,BOTH,GTEQ_75_YEARS,94902.000000000
TKL,WPRO,2024,BOTH,GTEQ_50_YEARS,566.000000000
TKL,WPRO,2024,BOTH,GTEQ_55_YEARS,462.000000000
TKL,WPRO,2024,BOTH,GTEQ_60_YEARS,324.000000000
TKL,WPRO,2024,BOTH,GTEQ_65_YEARS,210.000000000
TKL,WPRO,2024,BOTH,GTEQ_75_YEARS,81.000000000
TKM,EURO,2024,BOTH,GTEQ_50_YEARS,1306272.000000000
TKM,EURO,2024,BOTH,GTEQ_55_YEARS,912381.000000000
TKM,EURO,2024,BOTH,GTEQ_60_YEARS,593436.000000000
TKM,EURO,2024,BOTH,GTEQ_65_YEARS,339527.000000000
TKM,EURO,2024,BOTH,GTEQ_75_YEARS,76703.000000000
TLS,SEARO,2024,BOTH,GTEQ_50_YEARS,199263.000000000
TLS,SEARO,2024,BOTH,GTEQ_55_YEARS,146423.000000000
TLS,SEARO,2024,BOTH,GTEQ_60_YEARS,105341.000000000
TLS,SEARO,2024,BOTH,GTEQ_65_YEARS,73932.000000000
TLS,SEARO,2024,BOTH,GTEQ_75_YEARS,30667.000000000
TON,WPRO,2024,BOTH,GTEQ_50_YEARS,19311.000000000
TON,WPRO,2024,BOTH,GTEQ_55_YEARS,14533.000000000
TON,WPRO,2024,BOTH,GTEQ_60_YEARS,10145.000000000
TON,WPRO,2024,BOTH,GTEQ_65_YEARS,7005.000000000
TON,WPRO,2024,BOTH,GTEQ_75_YEARS,2664.000000000
TTO,AMRO,2024,BOTH,GTEQ_50_YEARS,464360.000000000
TTO,AMRO,2024,BOTH,GTEQ_55_YEARS,369641.000000000
TTO,AMRO,2024,BOTH,GTEQ_60_YEARS,280106.000000000
TTO,AMRO,2024,BOTH,GTEQ_65_YEARS,186648.000000000
TTO,AMRO,2024,BOTH,GTEQ_75_YEARS,55344.000000000
TUN,EMRO,2024,BOTH,GTEQ_50_YEARS,3169636.000000000
TUN,EMRO,2024,BOTH,GTEQ_55_YEARS,2443534.000000000
TUN,EMRO,2024,BOTH,GTEQ_60_YEARS,1770814.000000000
TUN,EMRO,2024,BOTH,GTEQ_65_YEARS,1169969.000000000
TUN,EMRO,2024,BOTH,GTEQ_75_YEARS,355135.000000000
TUR,EURO,2024,BOTH,GTEQ_50_YEARS,23007895.000000000
TUR,EURO,2024,BOTH,GTEQ_55_YEARS,17885781.000000000
TUR,EURO,2024,BOTH,GTEQ_60_YEARS,13126130.000000000
TUR,EURO,2024,BOTH,GTEQ_65_YEARS,8995974.000000000
TUR,EURO,2024,BOTH,GTEQ_75_YEARS,3183993.000000000
TUV,WPRO,2024,BOTH,GTEQ_50_YEARS,2091.000000000
TUV,WPRO,2024,BOTH,GTEQ_55_YEARS,1609.000000000
TUV,WPRO,2024,BOTH,GTEQ_60_YEARS,1078.000000000
TUV,WPRO,2024,BOTH,GTEQ_65_YEARS,651.000000000
TUV,WPRO,2024,BOTH,GTEQ_75_YEARS,216.000000000
TWN,,2024,BOTH,GTEQ_50_YEARS,9777658.000000000
TWN,,2024,BOTH,GTEQ_55_YEARS,8026941.000000000
TWN,,2024,BOTH,GTEQ_60_YEARS,6233464.000000000
TWN,,2024,BOTH,GTEQ_65_YEARS,4453329.000000000
TWN,,2024,BOTH,GTEQ_75_YEARS,1622626.000000000
TZA,AFRO,2024,BOTH,GTEQ_50_YEARS,6406736.000000000
TZA,AFRO,2024,BOTH,GTEQ_55_YEARS,4456647.000000000
TZA,AFRO,2024,BOTH,GTEQ_60_YEARS,3082443.000000000
TZA,AFRO,2024,BOTH,GTEQ_65_YEARS,2087668.000000000
TZA,AFRO,2024,BOTH,GTEQ_75_YEARS,691626.000000000
UGA,AFRO,2024,BOTH,GTEQ_50_YEARS,3837676.000000000
UGA,AFRO,2024,BOTH,GTEQ_55_YEARS,2644753.000000000
UGA,AFRO,2024,BOTH,GTEQ_60_YEARS,1738017.000000000
UGA,AFRO,2024,BOTH,GTEQ_65_YEARS,1094622.000000000
UGA,AFRO,2024,BOTH,GTEQ_75_YEARS,341610.000000000
UKR,EURO,2024,BOTH,GTEQ_50_YEARS,15066240.000000000
UKR,EURO,2024,BOTH,GTEQ_55_YEARS,12508398.000000000
UKR,EURO,2024,BOTH,GTEQ_60_YEARS,9943198.000000000
UKR,EURO,2024,BOTH,GTEQ_65_YEARS,7179234.000000000
UKR,EURO,2024,BOTH,GTEQ_75_YEARS,2853903.000000000
URY,AMRO,2024,BOTH,GTEQ_50_YEARS,1123793.000000000
URY,AMRO,2024,BOTH,GTEQ_55_YEARS,920077.000000000
URY,AMRO,2024,BOTH,GTEQ_60_YEARS,726308.000000000
URY,AMRO,2024,BOTH,GTEQ_65_YEARS,543395.000000000
URY,AMRO,2024,BOTH,GTEQ_75_YEARS,259930.000000000
USA,AMRO,2024,BOTH,GTEQ_50_YEARS,125287941.000000000
USA,AMRO,2024,BOTH,GTEQ_55_YEARS,104450316.000000000
USA,AMRO,2024,BOTH,GTEQ_60_YEARS,83622174.000000000
USA,AMRO,2024,BOTH,GTEQ_65_YEARS,61930609.000000000
USA,AMRO,2024,BOTH,GTEQ_75_YEARS,26164894.000000000
UZB,EURO,2024,BOTH,GTEQ_50_YEARS,6663112.000000000
UZB,EURO,2024,BOTH,GTEQ_55_YEARS,4958374.000000000
UZB,EURO,2024,BOTH,GTEQ_60_YEARS,3452328.000000000
UZB,EURO,2024,BOTH,GTEQ_65_YEARS,2132454.000000000
UZB,EURO,2024,BOTH,GTEQ_75_YEARS,600563.000000000
VCT,AMRO,2024,BOTH,GTEQ_50_YEARS,30575.000000000
VCT,AMRO,2024,BOTH,GTEQ_55_YEARS,24227.000000000
VCT,AMRO,2024,BOTH,GTEQ_60_YEARS,17900.000000000
VCT,AMRO,2024,BOTH,GTEQ_65_YEARS,11974.000000000
VCT,AMRO,2024,BOTH,GTEQ_75_YEARS,4338.000000000
VEN,AMRO,2024,BOTH,GTEQ_50_YEARS,7159937.000000000
VEN,AMRO,2024,BOTH,GTEQ_55_YEARS,5542414.000000000
VEN,AMRO,2024,BOTH,GTEQ_60_YEARS,4050162.000000000
VEN,AMRO,2024,BOTH,GTEQ_65_YEARS,2749441.000000000
VEN,AMRO,2024,BOTH,GTEQ_75_YEARS,946649.000000000
VGB,AMRO,2024,BOTH,GTEQ_50_YEARS,11488.000000000
VGB,AMRO,2024,BOTH,GTEQ_55_YEARS,8457.000000000
VGB,AMRO,2024,BOTH,GTEQ_60_YEARS,5930.000000000
VGB,AMRO,2024,BOTH,GTEQ_65_YEARS,3808.000000000
VGB,AMRO,2024,BOTH,GTEQ_75_YEARS,1198.000000000
VIR,AMRO,2024,BOTH,GTEQ_50_YEARS,38132.000000000
VIR,AMRO,2024,BOTH,GTEQ_55_YEARS,32412.000000000
VIR,AMRO,2024,BOTH,GTEQ_60_YEARS,25903.000000000
VIR,AMRO,2024,BOTH,GTEQ_65_YEARS,19274.000000000
VIR,AMRO,2024,BOTH,GTEQ_75_YEARS,8264.000000000
VNM,WPRO,2024,BOTH,GTEQ_50_YEARS,25676541.000000000
VNM,WPRO,2024,BOTH,GTEQ_55_YEARS,19572095.000000000
VNM,WPRO,2024,BOTH,GTEQ_60_YEARS,14066012.000000000
VNM,WPRO,2024,BOTH,GTEQ_65_YEARS,9136552.000000000
VNM,WPRO,2024,BOTH,GTEQ_75_YEARS,2920672.000000000
VUT,WPRO,2024,BOTH,GTEQ_50_YEARS,44184.000000000
VUT,WPRO,2024,BOTH,GTEQ_55_YEARS,31730.000000000
VUT,WPRO,2024,BOTH,GTEQ_60_YEARS,22036.000000000
VUT,WPRO,2024,BOTH,GTEQ_65_YEARS,14088.000000000
VUT,WPRO,2024,BOTH,GTEQ_75_YEARS,4016.000000000
WLF,WPRO,2024,BOTH,GTEQ_50_YEARS,3940.000000000
WLF,WPRO,2024,BOTH,GTEQ_55_YEARS,3060.000000000
WLF,WPRO,2024,BOTH,GTEQ_60_YEARS,2341.000000000
WLF,WPRO,2024,BOTH,GTEQ_65_YEARS,1661.000000000
WLF,WPRO,2024,BOTH,GTEQ_75_YEARS,680.000000000
WSM,WPRO,2024,BOTH,GTEQ_50_YEARS,38333.000000000
WSM,WPRO,2024,BOTH,GTEQ_55_YEARS,28477.000000000
WSM,WPRO,2024,BOTH,GTEQ_60_YEARS,20004.000000000
WSM,WPRO,2024,BOTH,GTEQ_65_YEARS,12833.000000000
WSM,WPRO,2024,BOTH,GTEQ_75_YEARS,4049.000000000
XKX,EURO,2024,BOTH,GTEQ_50_YEARS,445466.000000000
XKX,EURO,2024,BOTH,GTEQ_55_YEARS,341457.000000000
XKX,EURO,2024,BOTH,GTEQ_60_YEARS,248936.000000000
XKX,EURO,2024,BOTH,GTEQ_65_YEARS,169736.000000000
XKX,EURO,2024,BOTH,GTEQ_75_YEARS,60855.000000000
YEM,EMRO,2024,BOTH,GTEQ_50_YEARS,3627202.000000000
YEM,EMRO,2024,BOTH,GTEQ_55_YEARS,2488606.000000000
YEM,EMRO,2024,BOTH,GTEQ_60_YEARS,1634248.000000000
YEM,EMRO,2024,BOTH,GTEQ_65_YEARS,1023938.000000000
YEM,EMRO,2024,BOTH,GTEQ_75_YEARS,333228.000000000
ZAF,AFRO,2024,BOTH,GTEQ_50_YEARS,11985773.000000000
ZAF,AFRO,2024,BOTH,GTEQ_55_YEARS,9024152.000000000
ZAF,AFRO,2024,BOTH,GTEQ_60_YEARS,6504908.000000000
ZAF,AFRO,2024,BOTH,GTEQ_65_YEARS,4282441.000000000
ZAF,AFRO,2024,BOTH,GTEQ_75_YEARS,1374127.000000000
ZMB,AFRO,2024,BOTH,GTEQ_50_YEARS,1746320.000000000
ZMB,AFRO,2024,BOTH,GTEQ_55_YEARS,1137956.000000000
ZMB,AFRO,2024,BOTH,GTEQ_60_YEARS,712440.000000000
ZMB,AFRO,2024,BOTH,GTEQ_65_YEARS,414959.000000000
ZMB,AFRO,2024,BOTH,GTEQ_75_YEARS,99093.000000000
ZWE,AFRO,2024,BOTH,GTEQ_50_YEARS,1557921.000000000
ZWE,AFRO,2024,BOTH,GTEQ_55_YEARS,1130407.000000000
ZWE,AFRO,2024,BOTH,GTEQ_60_YEARS,839077.000000000
ZWE,AFRO,2024,BOTH,GTEQ_65_YEARS,599124.000000000
ZWE,AFRO,2024,BOTH,GTEQ_75_YEARS,175683.000000000
